角色,IP,CV,角色（英）,头像,IP首映年份,IP首映季度,所属公司,生日
辛耶·诺赞,86 -不存在的战区-,千叶翔也,Shinei Nouzen,,2021,4,,
可蕾娜·库克米拉,86 -不存在的战区-,铃代纱弓,Kurena Kukumila,,2021,4,,
安琪·艾玛,86 -不存在的战区-,早见沙织,Anju Emma,,2021,4,,
芙拉蒂蕾娜·米利杰,86 -不存在的战区-,长谷川育美,Vladilena Milizé,https://pic1.imgdb.cn/item/67396158d29ded1a8c466c38.png,2021,4,,
芙蕾德利嘉·罗森菲尔特,86 -不存在的战区-,久野美咲,Frederica Rosenfort,,2021,4,,
神尾观铃,AIR,真田麻美,Kamio Misuzu,,2005,1,,
立华奏,Angel Beats!,花泽香菜,Tachibana Kanade,https://pic1.imgdb.cn/item/673abe88d29ded1a8c43e672.png,2010,4,,
音无结弦,Angel Beats!,神谷浩史,Otonashi Yuzuru,,2010,4,,
见崎鸣,Another,高森奈津美,Misaki Mei,https://pic1.imgdb.cn/item/677fc553d0e0a243d4f2cab0.png,2012,1,,
朽木露琪亚,BLEACH,折笠富美子,Kuchiki Rukia,,2004,10,,
黑崎一护,BLEACH,森田成一,Kurosaki Ichigo,,2004,10,,
丰川祥子,BanG Dream!,高尾奏音,Togawa Sakiko,https://pic1.imgdb.cn/item/6785d881d0e0a243d4f411d8.png,2017,1,,
千早爱音,BanG Dream!,立石凛,Chihaya Anon,https://pic1.imgdb.cn/item/6785d828d0e0a243d4f411bd.png,2017,1,,
山吹沙绫,BanG Dream!,大桥彩香,Yamabuki Saaya,,2017,1,,
户山香澄,BanG Dream!,爱美,Toyama Kasumi,,2017,1,,
椎名立希,BanG Dream!,林鼓子,Shiina Taki,,2017,1,,
美竹兰,BanG Dream!,佐仓绫音,Mitake Ran,,2017,1,,
若叶睦,BanG Dream!,渡濑结月,Wakaba Mutsumi,https://pic1.imgdb.cn/item/6785dafad0e0a243d4f41299.png,2017,1,,
要乐奈,BanG Dream!,青木阳菜,Kaname Rāna,https://pic1.imgdb.cn/item/6785dc5bd0e0a243d4f41319.png,2017,1,,
长崎爽世,BanG Dream!,小日向美香,Nagasaki Soyo,https://pic1.imgdb.cn/item/6785d850d0e0a243d4f411cc.png,2017,1,,
高松灯,BanG Dream!,羊宫妃那,Takamatsu Tomori,https://pic1.imgdb.cn/item/6785d914d0e0a243d4f41202.png,2017,1,,
冰川日菜,BanG Dream!,小泽亚李,Hikawa Hina,,2017,1,,
冰川纱夜,BanG Dream!,工藤晴香,Hikawa Sayo,,2017,1,,
冈崎朋也,CLANNAD,中村悠一,Okazaki Tomoya,,2007,10,,
冈崎汐,CLANNAD,兴梠里美,Okazaki Ushio,,2007,10,,
古河渚,CLANNAD,中原麻衣,Furukawa Nagisa,https://pic1.imgdb.cn/item/67419468d29ded1a8cddcff0.png,2007,10,,
坂上智代,CLANNAD,桑岛法子,Sakagami Tomoyo,https://pic1.imgdb.cn/item/677fc2add0e0a243d4f2ca49.png,2007,10,,
乙坂有宇,Charlotte,内山昂辉,Otosaka Yū,,2015,7,,
友利奈绪,Charlotte,佐仓绫音,Tomori Nao,https://pic1.imgdb.cn/item/67396124d29ded1a8c46467d.png,2015,7,,
C.C.,Code Geass,由加奈,C.C.,https://pic1.imgdb.cn/item/677fc328d0e0a243d4f2ca57.png,2006,10,,
鲁路修·兰佩洛基,Code Geass,福山润,Lelouch Lamperouge,,2006,10,,
02,Darling in the FranXX,户松遥,Zero Two,,2018,1,,
零二,Darling in the FranXX,户松遥,Zero Two,https://pic1.imgdb.cn/item/677fba15d0e0a243d4f2c7c3.png,2018,1,,
琥珀,Dr.STONE 石纪元,沼仓爱美,Kohaku,,2019,7,,
石神千空,Dr.STONE 石纪元,小林裕介,Ishigami Senku,,2019,7,,
伊莉雅丝菲尔·冯·爱因兹贝伦,Fate系列,门胁舞以,Illyasviel von Einzbern,,2006,1,,
卫宫切嗣,Fate系列,小山力也,Emiya Kiritsugu,,2006,1,,12月24日
卫宫士郎,Fate系列,杉山纪彰,Emiya Shirō,,2006,1,,
吉尔伽美什,Fate系列,关智一,Gilgamesh,,2006,1,,
尼禄·克劳狄乌斯,Fate系列,丹下樱,Nero Claudius,,2006,1,,
库·丘林,Fate系列,神奈延年,Lancer,,2006,1,,
玛修·基列莱特,Fate系列,高桥李依,Mash Kyrielight,,2006,1,,
远坂凛,Fate系列,植田佳奈,Tōsaka Rin,https://pic1.imgdb.cn/item/673961a9d29ded1a8c46a1f0.png,2006,1,,
间桐樱,Fate系列,下屋则子,Matō Sakura,,2006,1,,
阿尔托莉雅·潘德拉贡,Fate系列,川澄绫子,Saber,https://pic1.imgdb.cn/item/6739c600d29ded1a8c978285.png,2006,1,,
空条承太郎,JoJo的奇妙冒险,小野大辅,Kūjō Jōtarō,,2012,10,,
迪奥·布兰度,JoJo的奇妙冒险,子安武人,Dio Brando,,2012,10,,
绊爱,Kizuna AI株式会社,春日望,Kizuna AI,,,,,
枣恭介,Little Busters!,绿川光,Natsume Kyōsuke,,2012,10,,
高坂穗乃果,LoveLive!系列,新田惠海,Kosaka Honoka,,2013,1,,
优木雪菜,LoveLive!系列,林鼓子,Yūki Setsuna,,2013,1,,
唐可可,LoveLive!系列,Liyuu,Tang Keke,,2013,1,,
渡边曜,LoveLive!系列,齐藤朱夏,Watanabe Yō,,2013,1,,
西木野真姬,LoveLive!系列,Pile,Nishikino Maki,,2013,1,,
休比·多拉,NO GAME NO LIFE 游戏人生,茅野爱衣,Schwi Dola,https://pic1.imgdb.cn/item/677fbc71d0e0a243d4f2c8d3.png,2014,4,,
白,NO GAME NO LIFE 游戏人生,茅野爱衣,Shiro,https://pic1.imgdb.cn/item/67396180d29ded1a8c468667.png,2014,4,,
空,NO GAME NO LIFE 游戏人生,松冈祯丞,Sora,,2014,4,Studio DEEN，ufotable，Lay-duce，A-1 Pictures，CloverWorks，SIGNAL.MD，Production I.G，Lerche，DLE,1987年2月3日
里克·多拉,NO GAME NO LIFE 游戏人生,松冈祯丞,Riku Dola,,2014,4,,
安兹·乌尔·恭,OVERLORD,日野聪,Ainz Ooal Gown,,2015,7,Studio DEEN，ufotable，Lay-duce，A-1 Pictures，CloverWorks，SIGNAL.MD，Production I.G，Lerche，DLE,5世纪末～6世纪初（亚瑟王时期）
爱蜜莉雅,Re:从零开始的异世界生活,高桥李依,Emilia,https://pic1.imgdb.cn/item/67396195d29ded1a8c469653.png,2016,4,,
菜月昴,Re:从零开始的异世界生活,小林裕介,Natsuki Subaru,,2016,4,,
雷姆,Re:从零开始的异世界生活,水濑祈,Rem,,2016,4,,
日代千鹤,ReLIFE,茅野爱衣,Hishiro Chizuru,,2016,7,,
海崎新太,ReLIFE,小野贤章,Kaizaki Arata,,2016,7,,
南梦芽,SSSS.DYNAZENON,若山诗音,Minami Yume,,2021,4,,
麻中蓬,SSSS.DYNAZENON,榎木淳弥,Asanaka Yomogi,,2021,4,,
宝多六花,SSSS.GRIDMAN,宫本侑芽,Takarada Rikka,,,,,
新条茜,SSSS.GRIDMAN,上田丽奈,Shinjō Akane,,,,,
伊藤诚,School Days,平川大辅,Itō Makoto,,2007,7,,
鸣濑白羽,Summer Pockets,小原好美,Naruse Shiroha,,,,,
初音未来,VOCALOID,藤田咲,Hatsune Miku,https://pic1.imgdb.cn/item/677fc598d0e0a243d4f2cac6.png,2007,7,,
星野爱,【我推的孩子】,高桥李依,Hoshino Ai,https://pic1.imgdb.cn/item/6785d9aed0e0a243d4f41230.png,2023,4,,
星野爱久爱海,【我推的孩子】,大冢刚央,Hoshino Aquamarine,,2023,4,,
星野瑠美衣,【我推的孩子】,伊驹百合绘,Hoshino Ruby,https://pic1.imgdb.cn/item/6785d9eed0e0a243d4f41239.png,2023,4,,
有马加奈,【我推的孩子】,潘惠美,Arima Kana,,2023,4,,
黑川茜,【我推的孩子】,石见舞菜香,Kurokawa Akane,,2023,4,,
埼玉,一拳超人,古川慎,Saitama,,,,,
伊丽莎白·里昂妮丝,七大罪,雨宫天,Elizabeth Liones,,,,,
梅利奥达斯,七大罪,梶裕贵,Meliodas,,,,,
艾莉莎·米哈伊罗夫纳·九条,不时用俄语小声说真心话的邻桌艾莉同学,上坂堇,Alisa Mikhailovna Kujō,,,,,
久世政近,不时用俄语小声说轻声话的邻桌艾莉同学,天崎滉平,Kuze Masachika,,,,,
长瀞早濑,不要欺负我，长瀞同学,上坂堇,Nagatoro Hayase,,,,,
佐野万次郎,东京卍复仇者,林勇,Sano Manjirō,,,,,
半间修二,东京卍复仇者,江口拓也,Hanma Shūji,,,,,
金木研,东京食尸鬼,花江夏树,Kaneki Ken,,2014,7,,
上白泽慧音,东方Project,,Kamishirasawa Keine,,,,,
东风谷早苗,东方Project,,Kochiya Sanae,,,,,
丰聪耳神子,东方Project,,Toyosatomimi no Miko,,,,,
伊吹萃香,东方Project,,Ibuki Suika,,,,,
依神紫苑,东方Project,,Yorigami Shion,,,,,
克劳恩皮丝,东方Project,,Clownpiece,,,,,
八云紫,东方Project,,Yakumo Yukari,,,,,
八云蓝,东方Project,,Yakumo Ran,,,,,
八意永琳,东方Project,,Yagokoro Eirin,,,,,
十六夜咲夜,东方Project,,Izayoi Sakuya,,,,,
古明地恋,东方Project,,Komeiji Koishi,,,,,
古明地觉,东方Project,,Komeiji Satori,,,,,
吉吊八千慧,东方Project,,Kicchō Yachie,,,,,
哆来咪·苏伊特,东方Project,,Doremy Sweet,,,,,
四季映姬·亚玛萨那度,东方Project,,Shiki Eiki Yamaxanadu,,,,,
因幡帝,东方Project,,Inaba Tewi,,,,,
圣白莲,东方Project,,Hijiri Byakuren,,,,,
埴安神袿姬,东方Project,,Haniyasushin Keiki,,,,,
多多良小伞,东方Project,,Tatara Kogasa,,,,,
大妖精,东方Project,,Daiyōsei,,,,,
天弓千亦,东方Project,,Tenkyū Chimata,,,,,
娜兹玲,东方Project,,Nazrin,,,,,
宇佐见莲子,东方Project,,Usami Renko,,,,,
封兽鵺,东方Project,,Hōjū Nue,,,,,
射命丸文,东方Project,,Shameimaru Aya,,,,,
小恶魔,东方Project,,Koakuma,,,,,
帕秋莉·诺蕾姬,东方Project,,Patchouli Knowledge,,,,,
摩多罗隐岐奈,东方Project,,Matara Okina,,,,,
村纱水蜜,东方Project,,Murasa Minamitsu,,,,,
橙,东方Project,,Chen,,,,,
比那名居天子,东方Project,,Hinanawi Tenshi,,,,,
水桥帕露希,东方Project,,Mizuhashi Parsee,,,,,
河城荷取,东方Project,,Kawashiro Nitori,,,,,
洩矢诹访子,东方Project,,Moriya Suwako,,,,,
火焰猫燐,东方Project,,Kaenbyō Rin,,,,,
灵乌路空,东方Project,,Reiuji Utsuho,,,,,
爱丽丝·玛格特罗依德,东方Project,,Alice Margatroid,,,,,
物部布都,东方Project,,Mononobe no Futo,,,,,
犬走椛,东方Project,,Inubashiri Momiji,,,,,
玛艾露贝莉·赫恩,东方Project,,Maribel Hearn,,,,,
秦心,东方Project,,Hata no Kokoro,,,,,
稀神探女,东方Project,,Kishin Sagume,,,,,
米斯蒂娅·萝蕾拉,东方Project,,Mystia Lorelei,,,,,
红美铃,东方Project,,Hong Meiling,,,,,
纯狐,东方Project,,Junko,,,,,
芙兰朵露·斯卡蕾特,东方Project,,Flandre Scarlet,,,,,
茨木华扇,东方Project,,Ibaraki Kasen,,,,,
菅牧典,东方Project,,Kudamaki Tsukasa,,,,,
蓬莱山辉夜,东方Project,,Hōraisan Kaguya,,,,,
蕾米莉亚·斯卡蕾特,东方Project,,Remilia Scarlet,,,,,
藤原妹红,东方Project,,Fujiwara no Mokō,,,,,
西行寺幽幽子,东方Project,,Saigyōji Yuyuko,,,,,
豫母都日狭美,东方Project,,Yomotsu Hisami,,,,,
赤蛮奇,东方Project,,Sekibanki,,,,,
赫卡提亚·拉碧斯拉祖利,东方Project,,Hecatia Lapislazuli,,,,,
铃仙·优昙华院·因幡,东方Project,,Reisen Udongein Inaba,,,,,
键山雏,东方Project,,Kagiyama Hina,,,,,
霍青娥,东方Project,,Kaku Seiga,,,,,
露米娅,东方Project,,Rumia,,,,,
风见幽香,东方Project,,Kazami Yūka,,,,,
饕餮尤魔,东方Project,,Tōtetsu Yūma,,,,,
饭纲丸龙,东方Project,,Iizunamaru Megumu,,,,,
鬼人正邪,东方Project,,Kijin Seija,,,,,
魂魄妖梦,东方Project,,Konpaku Yōmu,,,,,
七宫智音,中二病也要谈恋爱！,长妻树里,Shichimiya Satone,,2012,10,,
丹生谷森夏,中二病也要谈恋爱！,赤崎千夏,Nibutani Shinka,,2012,10,,
凸守早苗,中二病也要谈恋爱！,上坂堇,Dekomori Sanae,,2012,10,,
富樫勇太,中二病也要谈恋爱！,福山润,Togashi Yūta,,2012,10,,
小鸟游六花,中二病也要谈恋爱！,内田真礼,Takanashi Rikka,https://pic1.imgdb.cn/item/67357455d29ded1a8c343203.png,2012,10,,
佐藤和真,为美好的世界献上祝福！,福岛润,Satō Kazuma,,2016,1,,
悠悠,为美好的世界献上祝福！,丰崎爱生,Yunyun,,2016,1,,
惠惠,为美好的世界献上祝福！,高桥李依,Megumin,https://pic1.imgdb.cn/item/67404a34d29ded1a8cd26270.png,2016,1,,
达克妮丝,为美好的世界献上祝福！,茅野爱衣,Darkness,,2016,1,,
阿库娅,为美好的世界献上祝福！,雨宫天,Aqua,https://pic1.imgdb.cn/item/674138f4d29ded1a8c82126e.png,2016,1,,
久保渚咲,久保同学不放过我,花泽香菜,Kubo Nagisa,,2023,1,,
白石纯太,久保同学不放过我,河西健吾,Shiraishi Junta,,2023,1,,
浅村悠太,义妹生活,天崎滉平,Asamura Yūta,,,,,
上杉风太郎,五等分的新娘,松冈祯丞,Uesugi Fūtarō,,2019,1,,
中野一花,五等分的新娘,花泽香菜,Nakano Ichika,,2019,1,,
中野三玖,五等分的新娘,伊藤美来,Nakano Miku,https://pic1.imgdb.cn/item/6739613ed29ded1a8c465c2c.png,2019,1,,
中野二乃,五等分的新娘,竹达彩奈,Nakano Nino,https://pic1.imgdb.cn/item/6744343188c538a9b5bb9e21.png,2019,1,,
中野五月,五等分的新娘,水濑祈,Nakano Itsuki,https://pic1.imgdb.cn/item/677fbcc8d0e0a243d4f2c900.png,2019,1,,
中野四叶,五等分的新娘,佐仓绫音,Nakano Yotsuba,,2019,1,,
桐崎千棘,伪恋,东山奈央,Kirisaki Chitoge,https://pic1.imgdb.cn/item/674139ebd29ded1a8c82ff0c.png,2014,1,,
宫水三叶,你的名字。,上白石萌音,Miyamizu Mitsuha,https://pic1.imgdb.cn/item/67395e68d29ded1a8c4429ed.png,2016,7,,
立花泷,你的名字。,神木隆之介,Tachibana Taki,,2016,7,,
天海春香,偶像大师,中村绘里子,Amami Haruka,,,,,
橘爱丽丝,偶像大师,佐藤亚美菜,Tachibana Arisu,,,,,
星宫莓,偶活学园,诸星堇,Hoshimiya Ichigo,,,,,
藤宫周,关于我在无意间被隔壁的天使变成废柴这件事,坂泰斗,Fujimiya Amane,,,,,
椎名真昼,关于我在无意间被隔壁的天使变成废柴这件事,石见舞菜香,Shiina Mahiru,https://pic1.imgdb.cn/item/6785d8d6d0e0a243d4f411eb.png,2023,1,,
利姆鲁·特恩佩斯特,关于我转生变成史莱姆这档事,冈咲美保,Rimuru Tempest,,,,,
朱菜,关于我转生变成史莱姆这档事,千本木彩花,Shuna,,,,,
米莉姆·纳瓦,关于我转生变成史莱姆这档事,日高里菜,Milim Nava,,,,,
托尔芬,冰海战记,上村祐翔,Thorfinn,,,,,
阿谢拉特,冰海战记,内田直哉,Askeladd,,,,,
伊原摩耶花,冰菓,茅野爱衣,Ibara Mayaka,,2012,4,,
千反田爱瑠,冰菓,佐藤聪美,Chitanda Eru,https://pic1.imgdb.cn/item/678b5cd0d0e0a243d4f5699f.png,2012,4,,
折木奉太郎,冰菓,中村悠一,Oreki Hōtarō,,2012,4,,
福部里志,冰菓,阪口大助,Fukube Satoshi,,2012,4,,
凉宫春日,凉宫春日的忧郁,平野绫,Suzumiya Haruhi,https://pic1.imgdb.cn/item/67418d25d29ded1a8cd84d64.png,2006,4,,
长门有希,凉宫春日的忧郁,茅原实里,Nagato Yuki,https://pic1.imgdb.cn/item/674138bbd29ded1a8c81e277.png,2006,4,,
阿虚,凉宫春日的忧郁,杉田智和,Kyon,,2006,4,,
结城美柑,出包王女,花泽香菜,Yūki Mikan,,,,,
朝田诗乃,刀剑神域,泽城美雪,Asada Shino,,2012,7,京都动画,6月12日
桐谷和人,刀剑神域,松冈祯丞,Kirigaya Kazuto,,2012,7,,
结城明日奈,刀剑神域,户松遥,Yūki Asuna,https://pic1.imgdb.cn/item/6739616cd29ded1a8c4679d2.png,2012,7,,
朝仓音梦,初音岛,野川樱,Asakura Nemu,,,,,
绪山真寻,别当欧尼酱了！,高野麻里佳,Oyama Mahiro,https://pic1.imgdb.cn/item/6785d8f9d0e0a243d4f411f4.png,2023,1,,12月4日
绪山美波里,别当欧尼酱了！,石原夏织,Oyama Mihari,,2023,1,,
格斯,剑风传奇,岩永洋昭,Guts,,1997,10,,
水柿司,可塑性记忆,内匠靖明,Mizugaki Tsukasa,,2015,4,,8月1日
艾拉,可塑性记忆,雨宫天,Isla,https://pic1.imgdb.cn/item/673961bad29ded1a8c46ac2a.png,2015,4,,
安室透,名侦探柯南,古谷彻,Amuro Tōru,,1996,1,,
服部平次,名侦探柯南,堀川亮,Hattori Heiji,,1996,1,,
毛利兰,名侦探柯南,山崎和佳奈,Mōri Ran,,1996,1,,
江户川柯南,名侦探柯南,高山南,Edogawa Conan,,1996,1,,
灰原哀,名侦探柯南,林原惠,Haibara Ai,https://pic1.imgdb.cn/item/6741a7eed29ded1a8cf033ab.png,1996,1,,
赤井秀一,名侦探柯南,池田秀一,Akai Shūichi,,1996,1,,
远山和叶,名侦探柯南,宫村优子,Tōyama Kazuha,,1996,1,,
中川夏纪,吹响！上低音号,藤村鼓乃美,Nakagawa Natsuki,,2015,4,,
久石奏,吹响！上低音号,雨宫天,Hisaishi Kanade,,2015,4,,5月5日
伞木希美,吹响！上低音号,东山奈央,Kasaki Nozomi,https://pic1.imgdb.cn/item/6736023ed29ded1a8cbb10be.png,2015,4,,
冢本秀一,吹响！上低音号,石谷春贵,Tsukamoto Shūichi,,2015,4,,
吉川优子,吹响！上低音号,山冈百合,Yoshikawa Yūko,,2015,4,,
川岛绿辉,吹响！上低音号,丰田萌绘,Kawashima Sapphire,,2015,4,,
田中明日香,吹响！上低音号,寿美菜子,Tanaka Asuka,,2015,4,,
铠冢霙,吹响！上低音号,种崎敦美,Yoroizuka Mizore,https://pic1.imgdb.cn/item/67408d6cd29ded1a8c0d1f24.png,2015,4,,
高坂丽奈,吹响！上低音号,安济知佳,Kōsaka Reina,,2015,4,,
黄前久美子,吹响！上低音号,黑泽朋世,Ōmae Kumiko,https://pic1.imgdb.cn/item/6739683bd29ded1a8c4b144a.png,2015,4,,
冈部伦太郎,命运石之门,宫野真守,Okabe Rintarō,,2011,4,,6月7日
椎名真由理,命运石之门,花泽香菜,Shiina Mayuri,https://pic1.imgdb.cn/item/677fc2d2d0e0a243d4f2ca4e.png,2011,4,,
牧濑红莉栖,命运石之门,今井麻美,Makise Kurisu,https://pic1.imgdb.cn/item/67395e28d29ded1a8c43f6d9.png,2011,4,,
七海建人,咒术回战,津田健次郎,Nanami Kento,,2020,10,,12月1日
乙骨忧太,咒术回战,绪方惠美,Okkotsu Yūta,,2020,10,,
五条悟,咒术回战,中村悠一,Gojō Satoru,,2020,10,,
伏黑惠,咒术回战,内田雄马,Fushiguro Megumi,,2020,10,,
狗卷棘,咒术回战,内山昂辉,Inumaki Toge,,2020,10,,
虎杖悠仁,咒术回战,榎木淳弥,Itadori Yūji,,2020,10,,
钉崎野蔷薇,咒术回战,濑户麻沙美,Kugisaki Nobara,,2020,10,,
野比大雄,哆啦A梦,大原惠,Nobi Nobita,,1973,4,,
哥布林猎人,哥布林猎人,梅原裕一郎,Goblin Slayer,,2018,10,,
女神官,哥布林猎人,小仓唯,Priestess,,2018,10,,
三重爱,喜欢的人忘记戴眼镜了,若山诗音,Mie Ai,,,,,
宫园薰,四月是你的谎言,种田梨沙,Miyazono Kaori,https://pic1.imgdb.cn/item/6742b49688c538a9b5bb432f.png,2014,10,,
有马公生,四月是你的谎言,花江夏树,Arima Kōsei,,2014,10,,
本条枫,因为太怕痛就全点防御力了,本渡枫,Honjō Kaede,,,,,
白峰理沙,因为太怕痛就全点防御力了,野口瑠璃子,Shiramine Risa,,,,,
坂本,在下坂本，有何贵干？,绿川光,Sakamoto,,,,,
琉·璃昂,在地下城寻求邂逅是否搞错了什么,早见沙织,Ryū Lion,,,,,
艾丝·华伦斯坦,在地下城寻求邂逅是否搞错了什么,大西沙织,Aiz Wallenstein,,,,,10月8日
贝尔·克朗尼,在地下城寻求邂逅是否搞错了什么,松冈祯丞,Bell Cranel,,,,,11月18日
赫斯缇雅,在地下城寻求邂逅是否搞错了什么,水濑祈,Hestia,,,,,
山田浅卫门佐切,地狱乐,花守由美里,Yamada Asaemon Sagiri,,,,,
八寻宁宁,地缚少年花子君,鬼头明里,Yashiro Nene,,2020,1,,
柚木普,地缚少年花子君,绪方惠美,Yugi Amane,,2020,1,,
和泉纱雾,埃罗芒阿老师,藤田茜,Izumi Sagiri,https://pic1.imgdb.cn/item/6739684cd29ded1a8c4b1e5e.png,2017,4,,
吉川由纪,堀与宫村,小坂井祐莉绘,Yoshikawa Yuki,,2021,1,,
堀京子,堀与宫村,户松遥,Hori Kyōko,https://pic1.imgdb.cn/item/677fbcd5d0e0a243d4f2c905.png,2021,1,,
宫村伊澄,堀与宫村,内山昂辉,Miyamura Izumi,,2021,1,,
栗山未来,境界的彼方,种田梨沙,Kuriyama Mirai,https://pic1.imgdb.cn/item/674139a4d29ded1a8c82bdde.png,2013,10,,
石田将也,声之形,入野自由,Ishida Shōya,,2016,7,,
西宫硝子,声之形,早见沙织,Nishimiya Shōko,https://pic1.imgdb.cn/item/673abe15d29ded1a8c439492.png,2016,7,,
小舟潮,夏日重现,永濑安奈,Kofune Ushio,https://pic1.imgdb.cn/item/677fc515d0e0a243d4f2caa7.png,2022,4,,
网代慎平,夏日重现,花江夏树,Ajiro Shinpei,,2022,4,,
夏目贵志,夏目友人帐,神谷浩史,Natsume Takashi,,2008,7,,
长濑凑,夕阳染红的坡道,平野绫,Nagase Minato,,,,,
姬坂乃爱,天使降临到了我身边！,鬼头明里,Himesaka Noa,,2019,1,,
星野日向,天使降临到了我身边！,长江里加,Hoshino Hinata,https://pic1.imgdb.cn/item/6785d987d0e0a243d4f4122c.png,2019,1,,
白咲花,天使降临到了我身边！,指出毬亚,Shirosaki Hana,https://pic1.imgdb.cn/item/6785d99ad0e0a243d4f4122e.png,2019,1,,
天野阳菜,天气之子,森七菜,Amano Hina,https://pic1.imgdb.cn/item/677fbca6d0e0a243d4f2c8f5.png,2019,7,,
森岛帆高,天气之子,醍醐虎汰朗,Morishima Hodaka,,2019,7,,
木更,契约之吻,会泽纱弥,Kisara,,2022,7,,
桐生紫乃,女友成堆,高桥李依,Kiryū Shino,,,,,
水濑渚,女友成堆,和气杏未,Minase Nagisa,,,,动画工房,12月10日
雨宫莲,女神异闻录5,福山润,Amamiya Ren,,2018,4,,
伊地知星歌,孤独摇滚！,内田真礼,Ijichi Seika,,2022,10,,
伊地知虹夏,孤独摇滚！,铃代纱弓,Ijichi Nijika,https://pic1.imgdb.cn/item/673abde9d29ded1a8c437a20.png,2022,10,,
后藤一里,孤独摇滚！,青山吉能,Gotō Hitori,https://pic1.imgdb.cn/item/67395de7d29ded1a8c43c21e.png,2022,10,,
喜多郁代,孤独摇滚！,长谷川育美,Kita Ikuyo,https://pic1.imgdb.cn/item/6739682ad29ded1a8c4b0962.png,2022,10,,
山田凉,孤独摇滚！,水野朔,Yamada Ryō,https://pic1.imgdb.cn/item/67396860d29ded1a8c4b2e6b.png,2022,10,,
月咏几斗,守护甜心,中村悠一,Tsukiyomi Ikuto,,,,,
边里唯世,守护甜心,高木礼子,Hotori Tadase,,,,,
安达樱,安达与岛村,鬼头明里,Adachi Sakura,,2020,10,,
小智,宝可梦,松本梨香,Satoshi,,1997,4,,12月3日
小霞,宝可梦,饭冢雅弓,Kasumi,,1997,4,,
泉新一,寄生兽,岛崎信长,Izumi Shinichi,,2014,10,,
康娜卡姆依,小林家的龙女仆,长绳麻理亚,Kanna Kamui,https://pic1.imgdb.cn/item/677fbec3d0e0a243d4f2c997.png,2017,1,,
托尔,小林家的龙女仆,桑原由气,Tōru,https://pic1.imgdb.cn/item/6785dc2ed0e0a243d4f412fc.png,2017,1,,
寄叶2号B型,尼尔：机械纪元,石川由依,YoRHa No.2 Type B,,,,,7月2日
寄叶A型2号,尼尔：机械纪元,诹访彩花,YoRHa Type A No.2,,,,,
爱莉希雅,崩坏3rd,井上麻里奈,Elysia,,,,,
土间埋,干物妹小埋,田中爱美,Doma Umaru,,2015,7,,
柊镜,幸运☆星,加藤英美里,Hiiragi Kagami,,2007,4,,
泉此方,幸运☆星,平野绫,Izumi Konata,https://pic1.imgdb.cn/item/674138ded29ded1a8c82004e.png,2007,4,,
翠,异世界舅舅,户松遥,Tsundere Elf,,,,,7月25日
七海千秋,弹丸论破,花泽香菜,Nanami Chiaki,,2013,7,,
七草荠,彻夜之歌,雨宫天,Nanakusa Nazuna,,2022,7,,
常守朱,心理测量者,花泽香菜,Tsunemori Akane,,,,,
由崎司,总之就是非常可爱,鬼头明里,Yuzaki Tsukasa,https://pic1.imgdb.cn/item/6741ad7bd29ded1a8cf60d88.png,2020,10,,
由崎星空,总之就是非常可爱,榎木淳弥,Yuzaki Nasa,,2020,10,,
宫内莲华,悠哉日常大王,小岩井小鸟,Miyauchi Renge,,2013,10,,
席德·卡盖诺,想要成为影之实力者！,山下诚一郎,Cid Kagenou,,2022,10,,
阿尔法,想要成为影之实力者！,濑户麻沙美,Alpha,,2022,10,,
本间芽衣子,我们仍未知道那天所看见的花的名字。,茅野爱衣,Honma Meiko,https://pic1.imgdb.cn/item/677fbdafd0e0a243d4f2c954.png,2011,4,,
古桥文乃,我们无法一起学习,白石晴香,Furuhashi Fumino,,,,,
山田杏奈,我心里危险的东西,羊宫妃那,Yamada Anna,,2023,4,,
市川京太郎,我心里危险的东西,堀江瞬,Ichikawa Kyōtarō,,2023,4,,
五更琉璃,我的妹妹哪有这么可爱！,花泽香菜,Gokō Ruri,https://pic1.imgdb.cn/item/677fbd7dd0e0a243d4f2c934.png,2010,10,,
一色伊吕波,我的青春恋爱物语果然有问题。,佐仓绫音,Isshiki Iroha,https://pic1.imgdb.cn/item/6741390dd29ded1a8c822b9c.png,2013,4,,
户冢彩加,我的青春恋爱物语果然有问题。,小松未可子,Totsuka Saika,,2013,4,,7月4日
比企谷八幡,我的青春恋爱物语果然有问题。,江口拓也,Hikigaya Hachiman,,2013,4,,
比企谷小町,我的青春恋爱物语果然有问题。,悠木碧,Hikigaya Komachi,https://pic1.imgdb.cn/item/6785d92ed0e0a243d4f41214.png,2013,4,,
由比滨结衣,我的青春恋爱物语果然有问题。,东山奈央,Yuigahama Yui,https://pic1.imgdb.cn/item/673a94bdd29ded1a8c251eee.png,2013,4,,
雪之下阳乃,我的青春恋爱物语果然有问题。,中原麻衣,Yukinoshita Haruno,https://pic1.imgdb.cn/item/6785d942d0e0a243d4f41220.png,2013,4,,
雪之下雪乃,我的青春恋爱物语果然有问题。,早见沙织,Yukinoshita Yukino,,2013,4,,
游佐惠美,打工吧！魔王大人,日笠阳子,Yusa Emi,,,,,
日向翔阳,排球少年！！,村濑步,Hinata Shōyō,,2014,4,,
各务原抚子,摇曳露营△,花守由美里,Kagamihara Nadeshiko,,2018,1,,
西片,擅长捉弄的高木同学,梶裕贵,Nishikata,,2018,1,,
高木,擅长捉弄的高木同学,高桥李依,Takagi,https://pic1.imgdb.cn/item/67411d35d29ded1a8c6a5568.png,2018,1,,
安达垣爱姬,政宗君的复仇,大桥彩香,Adagaki Aki,,,,,
小岩井吉乃,政宗君的复仇,水濑祈,Koiwai Yoshino,,,,,
真壁政宗,政宗君的复仇,花江夏树,Makabe Masamune,,,,,
藤之宫宁子,政宗君的复仇,三森铃子,Fujinomiya Neko,,,,,
中原中也,文豪野犬,谷山纪章,Nakahara Chūya,,2016,4,,
太宰治,文豪野犬,宫野真守,Dazai Osamu,,2016,4,,
江户川乱步,文豪野犬,神谷浩史,Edogawa Ranpo,,2016,4,A-1 Pictures,12月10日
泉镜花,文豪野犬,诸星堇,Izumi Kyōka,,2016,4,,
芥川龙之介,文豪野犬,小野贤章,Akutagawa Ryūnosuke,,2016,4,,
塔兹米,斩·赤红之瞳！,齐藤壮马,Tatsumi,,2014,7,,
赤瞳,斩·赤红之瞳！,雨宫天,Akame,,2014,7,,3月31日
惣流·明日香·兰格雷,新世纪福音战士,宫村优子,Sōryū Asuka Langley,https://pic1.imgdb.cn/item/673a9839d29ded1a8c27348b.png,1995,10,,
渚薰,新世纪福音战士,石田彰,Nagisa Kaworu,,1995,10,,
碇真嗣,新世纪福音战士,绪方惠美,Ikari Shinji,,1995,10,,6月7日
绫波丽,新世纪福音战士,林原惠,Ayanami Rei,https://pic1.imgdb.cn/item/67419547d29ded1a8cde6dfe.png,1995,10,,
希露菲叶特,无职转生,茅野爱衣,Sylphiette,,2021,1,,
洛琪希·米格路迪亚,无职转生,小原好美,Roxy Migurdia,https://pic1.imgdb.cn/item/673be698d29ded1a8c2b0709.png,2021,1,,
艾莉丝·伯雷亚斯·格雷拉特,无职转生,加隈亚衣,Eris Boreas Greyrat,https://pic1.imgdb.cn/item/67413890d29ded1a8c81b570.png,2021,1,,
鲁迪乌斯·格雷拉特,无职转生,内山夕实,Rudeus Greyrat,,2021,1,,
阿米娅,明日方舟,黑泽朋世,Amiya,,,,,
梅娅·S·艾菲梅拉尔,星空的记忆,杏子御津,Mare S. Ephemeral,,,,,
杀老师,暗杀教室,福山润,Korosensei,,2015,1,,
潮田渚,暗杀教室,渊上舞,Shiota Nagisa,,2015,1,,
喜多川海梦,更衣人偶坠入爱河,直田姬奈,Kitagawa Marin,https://pic1.imgdb.cn/item/67418e3fd29ded1a8cd920fd.png,2022,1,,
佐仓千代,月刊少女野崎君,小泽亚李,Sakura Chiyo,,2014,7,,
水野茜,月色真美,小原好美,Mizuno Akane,,2017,4,,
威廉·克梅修,末日时在做什么？有没有空？可以来拯救吗？,新井良平,Willem Kmetsch,,2017,4,,
珂朵莉·诺塔·瑟尼欧里斯,末日时在做什么？有没有空？可以来拯救吗？,田所梓,Chtholly Nota Seniorious,https://pic1.imgdb.cn/item/67413954d29ded1a8c8270bd.png,2017,4,,
艾札克·佛斯特,杀戮的天使,冈本信彦,Isaac Foster,,2018,7,,
冢本八云,校园迷糊大王,能登麻美子,Tsukamoto Yakumo,,,,,
椎名真白,樱花庄的宠物女孩,茅野爱衣,Shiina Mashiro,https://pic1.imgdb.cn/item/67396804d29ded1a8c4af1d3.png,2012,10,,
神田空太,樱花庄的宠物女孩,松冈祯丞,Kanda Sorata,,2012,10,,
赤坂龙之介,樱花庄的宠物女孩,堀江由衣,Akasaka Ryūnosuke,,2012,10,,
青山七海,樱花庄的宠物女孩,中津真莉,Aoyama Nanami,,2012,10,,
堀北铃音,欢迎来到实力至上主义的教室,鬼头明里,Horikita Suzune,https://pic1.imgdb.cn/item/673e9378d29ded1a8c7d417b.png,2017,7,,
绫小路清隆,欢迎来到实力至上主义的教室,千叶翔也,Ayanokōji Kiyotaka,,2017,7,,
轻井泽惠,欢迎来到实力至上主义的教室,竹达彩奈,Karuizawa Kei,https://pic1.imgdb.cn/item/67413975d29ded1a8c828eb5.png,2017,7,,
L Lawliet,死亡笔记,山口胜平,L Lawliet,,2006,10,,
夜神月,死亡笔记,宫野真守,Yagami Light,,2006,10,,
爱丽丝,死神少爷与黑女仆,真野步,Alice,,,,,
绯村剑心,浪客剑心,齐藤壮马,Himura Kenshin,,1996,1,,
妮可·罗宾,海贼王,山口由里子,Nico Robin,,1999,10,,
娜美,海贼王,冈村明美,Nami,,1999,10,,
文斯莫克·山治,海贼王,平田广明,Vinsmoke Sanji,,1999,10,,
波特卡斯·D·艾斯,海贼王,古川登志夫,Portgas D. Ace,,1999,10,,
罗罗亚·索隆,海贼王,中井和哉,Roronoa Zoro,,1999,10,CloverWorks,5月29日
蒙奇·D·路飞,海贼王,田中真弓,Monkey D. Luffy,,1999,10,,
宇智波佐助,火影忍者,杉山纪彰,Uchiha Sasuke,,2002,10,,
宇智波鼬,火影忍者,石川英郎,Uchiha Itachi,,2002,10,CloverWorks,9月18日
旗木卡卡西,火影忍者,井上和彦,Hatake Kakashi,,2002,10,,
春野樱,火影忍者,中村千绘,Haruno Sakura,,2002,10,,
波风水门,火影忍者,森川智之,Namikaze Minato,,2002,10,,
漩涡鸣人,火影忍者,竹内顺子,Uzumaki Naruto,,2002,10,,
夏娜,灼眼的夏娜,钉宫理惠,Shana,,2005,10,,
战场原黑仪,物语系列,斋藤千和,Senjōgahara Hitagi,,2009,7,,
羽川翼,物语系列,堀江由衣,Hanekawa Tsubasa,,2009,7,,
阿良良木历,物语系列,神谷浩史,Araragi Koyomi,,2009,7,,
赫萝,狼与香辛料,小清水亚美,Holo,,2008,1,,
北白川玉子,玉子市场,洲崎绫,Kitashirakawa Tamako,https://pic1.imgdb.cn/item/67396817d29ded1a8c4afe96.png,2013,1,,
大路饼藏,玉子市场,田丸笃志,Ōji Mochizō,,2013,1,,
常盘绿,玉子市场,金子有希,Tokiwa Midori,,2013,1,,
朝雾史织,玉子市场,山下百合惠,Asagiri Shiori,,2013,1,,
牧野神奈,玉子市场,长妻树里,Makino Kanna,,2013,1,,
天真·珈百璃·怀特,珈百璃的堕落,富田美忧,Tenma Gabriel White,,2017,1,,
千斗五十铃,甘城光辉游乐园,加隈亚衣,Sento Isuzu,https://pic1.imgdb.cn/item/6785da20d0e0a243d4f41244.png,2014,10,,
劳伦斯,白圣女与黑牧师,石川界人,Lawrence,,2023,7,,5月28日
塞西莉亚,白圣女与黑牧师,泽田姬,Cecilia,,2023,7,,
安原绘麻,白箱,佳村遥,Yasuhara Ema,,2014,10,,
矢野艾莉卡,白箱,山冈百合,Yano Erika,,2014,10,,
小木曾雪菜,白色相簿2,米泽圆,Ogiso Setsuna,,,,,
七仓凛,百变的七仓同学,早见沙织,Nanakura Rin,,,,,
北滨瑛二,百变的七仓同学,冈本信彦,Kitahama Eiji,,,,,
岩谷尚文,盾之勇者成名录,石川界人,Iwatani Naofumi,,,,,
拉芙塔莉雅,盾之勇者成名录,濑户麻沙美,Raphtalia,,,,,
菲洛,盾之勇者成名录,日高里菜,Filo,,,,,
四谷见子,看得见的女孩,雨宫天,Yotsuya Miko,https://pic1.imgdb.cn/item/6785d9d5d0e0a243d4f41235.png,2021,10,,
北原伊织,碧蓝之海,内田雄马,Kitahara Iori,,2018,7,,
一之濑千鹤,租借女友,雨宫天,Ichinose Chizuru,https://pic1.imgdb.cn/item/677fc2f4d0e0a243d4f2ca52.png,,,,
更科瑠夏,租借女友,东山奈央,Sarashina Ruka,,,,,
木之下和也,租借女友,堀江瞬,Kinoshita Kazuya,,,,,
樱泽墨,租借女友,高桥李依,Sakurasawa Sumi,,,,,
水原千鹤,租借女友,雨宫天,Mizuhara Chizuru,,,,,
两仪式,空之境界,坂本真绫,Ryōgi Shiki,,2013,7,,
木下秀吉,笨蛋、测验、召唤兽,加藤英美里,Kinoshita Hideyoshi,,2010,1,,
薇尔莉特·伊芙加登,紫罗兰永恒花园,石川由依,Violet Evergarden,,2018,1,,4月3日
五河士道,约会大作战,岛崎信长,Itsuka Shidō,,2013,4,,
五河琴里,约会大作战,竹达彩奈,Itsuka Kotori,https://pic1.imgdb.cn/item/673be110d29ded1a8c2750be.png,2013,4,,
四糸乃,约会大作战,野水伊织,Yoshino,https://pic1.imgdb.cn/item/674126acd29ded1a8c70178e.png,2013,4,,
夜刀神十香,约会大作战,井上麻里奈,Yatogami Tōka,https://pic1.imgdb.cn/item/67413926d29ded1a8c824556.png,2013,4,,
时崎狂三,约会大作战,真田麻美,Tokisaki Kurumi,https://pic1.imgdb.cn/item/67395e40d29ded1a8c440b34.png,2013,4,,
诱宵美九,约会大作战,茅原实里,Izayoi Miku,,2013,4,,
鸢一折纸,约会大作战,富坚美铃,Tobiichi Origami,https://pic1.imgdb.cn/item/67408f5fd29ded1a8c0ef0c4.png,2013,4,,
柊筱娅,终结的炽天使,早见沙织,Hiiragi Shinoa,,2015,4,,
百夜米迦尔,终结的炽天使,小野贤章,Hyakuya Mikaela,,2015,4,,
伊理户水斗,继母的拖油瓶是我的前女友,下野纮,Irido Mizuto,,2022,7,,
春日野悠,缘之空,下野纮,Kasugano Haruka,,2010,10,,
春日野穹,缘之空,田口宏子,Kasugano Sora,https://pic1.imgdb.cn/item/673aa700d29ded1a8c30cdf0.png,2010,10,,
楪祈,罪恶王冠,茅野爱衣,Yuzuriha Inori,https://pic1.imgdb.cn/item/67409786d29ded1a8c162b2b.png,2011,10,,
樱满集,罪恶王冠,梶裕贵,Ōma Shū,,2011,10,,
真中啦啦,美妙天堂,茜屋日海夏,Manaka Laala,,,,,
不死,致不灭的你,川岛零士,Fushi,,,,,
壬氏,药屋少女的呢喃,樱井孝宏,Jinshi,,2023,10,,
猫猫,药屋少女的呢喃,悠木碧,Maomao,,2023,10,,
井之上泷奈,莉可丽丝,若山诗音,Inoue Takina,https://pic1.imgdb.cn/item/673abe6ed29ded1a8c43cd2d.png,2022,7,,
胡桃,莉可丽丝,久野美咲,Kurumi,https://pic1.imgdb.cn/item/674139c6d29ded1a8c82de81.png,2022,7,,
锦木千束,莉可丽丝,安济知佳,Nishikigi Chisato,https://pic1.imgdb.cn/item/6742b0d888c538a9b5bb4231.png,2022,7,,
休塔尔克,葬送的芙莉莲,小林千晃,Stark,,2023,10,,
芙莉莲,葬送的芙莉莲,种崎敦美,Frieren,https://pic1.imgdb.cn/item/6785d898d0e0a243d4f411de.png,2023,10,,
菲伦,葬送的芙莉莲,市之濑加那,Fern,https://pic1.imgdb.cn/item/6785d861d0e0a243d4f411ce.png,2023,10,,
辛美尔,葬送的芙莉莲,冈本信彦,Himmel,,2023,10,,
洁世一,蓝色监狱,浦和希,Isagi Yoichi,,,,,
野原新之助,蜡笔小新,小林由美子,Nohara Shinnosuke,,1992,4,,4月16日
桐间纱路,请问您今天要来点兔子吗？,内田真礼,Kirima Sharo,,2014,4,,
香风智乃,请问您今天要来点兔子吗？,水濑祈,Kafū Chino,,2014,4,,
八奈见杏菜,败犬女主太多了！,远野光,Yanami Anna,,2024,7,,
温水和彦,败犬女主太多了！,梅田修一朗,Nukumizu Kazuhiko,,2024,7,,6月18日
烧盐柠檬,败犬女主太多了！,若山诗音,Yakishio Lemon,,2024,7,,
大卫·马丁内斯,赛博朋克 边缘行者,KENN,David Martinez,,2022,7,,
东海帝王,赛马娘 Pretty Derby,Machico,Tokai Teio,https://pic1.imgdb.cn/item/67419ca3d29ded1a8ce4ecc8.png,2018,4,,
北部玄驹,赛马娘 Pretty Derby,矢野妃菜喜,Kitasan Black,,2018,4,,
小栗帽,赛马娘 Pretty Derby,高柳知叶,Oguri Cap,,2018,4,,
待兼诗歌剧,赛马娘 Pretty Derby,远野光,Matikanetannhauser,,2018,4,,
无声铃鹿,赛马娘 Pretty Derby,高野麻里佳,Silence Suzuka,,2018,4,,
特别周,赛马娘 Pretty Derby,和气杏未,Special Week,,2018,4,,
目白麦昆,赛马娘 Pretty Derby,大西沙织,Mejiro McQueen,,2018,4,,
米浴,赛马娘 Pretty Derby,石见舞菜香,Rice Shower,,2018,4,,
爱城恋太郎,超超超超超喜欢你的100个女朋友,加藤涉,Aijō Rentarō,,2023,10,,
岩仓美津未,跃动青春,黑泽朋世,Iwakura Mitsumi,,,,,
加藤惠,路人女主的养成方法,安野希世乃,Katō Megumi,,2015,1,,
安艺伦也,路人女主的养成方法,松冈祯丞,Aki Tomoya,,2015,1,,
泽村·斯潘塞·英梨梨,路人女主的养成方法,大西沙织,Sawamura Spencer Eriri,https://pic1.imgdb.cn/item/677fbddad0e0a243d4f2c966.png,2015,1,,
霞之丘诗羽,路人女主的养成方法,茅野爱衣,Kasumigaoka Utaha,https://pic1.imgdb.cn/item/677fbee0d0e0a243d4f2c99f.png,2015,1,,
影山茂夫,路人超能100,伊藤节生,Kageyama Shigeo,,2016,7,,
灵幻新隆,路人超能100,樱井孝宏,Reigen Arataka,,2016,7,,
尤菲莉亚·玛赞塔,转生王女与天才千金的魔法革命,石见舞菜香,Euphyllia Magenta,,,,,
艾妮丝菲亚·温·帕雷提亚,转生王女与天才千金的魔法革命,千本木彩花,Anisphia Wynn Palettia,,,,,
中野梓,轻音少女,竹达彩奈,Nakano Azusa,https://pic1.imgdb.cn/item/67395e7cd29ded1a8c443a4c.png,2009,10,,
平泽唯,轻音少女,丰崎爱生,Hirasawa Yui,https://pic1.imgdb.cn/item/67395e01d29ded1a8c43d7cf.png,2009,10,,
平泽忧,轻音少女,米泽圆,Hirasawa Ui,,2009,10,,
琴吹䌷,轻音少女,寿美菜子,Kotobuki Tsumugi,https://pic1.imgdb.cn/item/6739b369d29ded1a8c895375.png,2009,10,,
田井中律,轻音少女,佐藤聪美,Tainaka Ritsu,https://pic1.imgdb.cn/item/673b3c52d29ded1a8cb70e5b.png,2009,10,,
秋山澪,轻音少女,日笠阳子,Akiyama Mio,https://pic1.imgdb.cn/item/673967f2d29ded1a8c4ae5a2.png,2009,10,,
四宫辉夜,辉夜大小姐想让我告白～天才们的恋爱头脑战～,古贺葵,Shinomiya Kaguya,https://pic1.imgdb.cn/item/6739b53ed29ded1a8c8aae29.png,2019,1,,
早坂爱,辉夜大小姐想让我告白～天才们的恋爱头脑战～,花守由美里,Hayasaka Ai,https://pic1.imgdb.cn/item/674186ddd29ded1a8cd2cf88.png,2019,1,,
白银御行,辉夜大小姐想让我告白～天才们的恋爱头脑战～,古川慎,Shirogane Miyuki,,2019,1,,2001年12月4日
石上优,辉夜大小姐想让我告白～天才们的恋爱头脑战～,铃木崚汰,Ishigami Yū,,2019,1,,
藤原千花,辉夜大小姐想让我告白～天才们的恋爱头脑战～,小原好美,Fujiwara Chika,https://pic1.imgdb.cn/item/677fbc90d0e0a243d4f2c8eb.png,2019,1,,
三笠·阿克曼,进击的巨人,石川由依,Mikasa Ackerman,https://pic1.imgdb.cn/item/6740434dd29ded1a8ccc22c7.png,2013,4,,2001年3月30日
克里斯塔·连兹,进击的巨人,三上枝织,Krista Lenz (Historia Reiss),,2013,4,,
利威尔,进击的巨人,神谷浩史,Levi,,2013,4,,
艾伦·耶格尔,进击的巨人,梶裕贵,Eren Yeager,,2013,4,,
艾尔文·史密斯,进击的巨人,小野大辅,Erwin Smith,,2013,4,,
花城杏子,通往夏天的隧道，再见的出口,饭丰万理江,Hanashiro Anzu,,2022,7,,甲龙历405年
小邪神,邪神与厨二病少女,铃木爱奈,Jashin-chan,,,,,
花园百合铃,邪神与厨二病少女,大森日雅,Hanazono Yurine,,,,,
夜斗,野良神,神谷浩史,Yato,,2014,1,,
爱德华·艾尔利克,钢之炼金术师,朴璐美,Edward Elric,,,,,
岩户铃芽,铃芽之旅,原菜乃华,Iwato Suzume,,,,,
杨威利,银河英雄传说,铃村健一,Yang Wenli,,1988,1,,
莱因哈特·冯·罗严克拉姆,银河英雄传说,堀川亮,Reinhard von Lohengramm,,1988,1,,
坂田银时,银魂,杉田智和,Sakata Gintoki,,2006,4,,
电次,链锯人,户谷菊之介,Denji,,,,,3月5日
劳埃德·福杰,间谍过家家,江口拓也,Loid Forger,,2022,4,,
约尔·福杰,间谍过家家,早见沙织,Yor Forger,https://pic1.imgdb.cn/item/677fbeb6d0e0a243d4f2c994.png,2022,4,,
阿尼亚·福杰,间谍过家家,种崎敦美,Anya Forger,https://pic1.imgdb.cn/item/677fba37d0e0a243d4f2c800.png,2022,4,,
双叶理央,青春猪头少年,种崎敦美,Futaba Rio,https://pic1.imgdb.cn/item/6785d958d0e0a243d4f41226.png,2018,10,,
古贺朋绘,青春猪头少年,东山奈央,Koga Tomoe,,2018,10,,
梓川咲太,青春猪头少年,石川界人,Azusagawa Sakuta,,2018,10,,
梓川枫,青春猪头少年,久保由利香,Azusagawa Kaede,https://pic1.imgdb.cn/item/6785d8b2d0e0a243d4f411e0.png,2018,10,,
樱岛麻衣,青春猪头少年,濑户麻沙美,Sakurajima Mai,https://pic1.imgdb.cn/item/673967ddd29ded1a8c4ad8fb.png,2018,10,,
牧之原翔子,青春猪头少年,水濑祈,Makinohara Shōko,,2018,10,,1月
嘴平伊之助,鬼灭之刃,松冈祯丞,Hashibira Inosuke,,2019,4,,
富冈义勇,鬼灭之刃,樱井孝宏,Tomioka Giyū,,2019,4,,
我妻善逸,鬼灭之刃,下野纮,Agatsuma Zenitsu,,2019,4,,
时透无一郎,鬼灭之刃,河西健吾,Tokitō Muichirō,,2019,4,,
栗花落香奈乎,鬼灭之刃,上田丽奈,Tsuyuri Kanao,,2019,4,,
灶门炭治郎,鬼灭之刃,花江夏树,Kamado Tanjirō,,2019,4,,
灶门祢豆子,鬼灭之刃,鬼头明里,Kamado Nezuko,https://pic1.imgdb.cn/item/6741393ed29ded1a8c825d38.png,2019,4,,
炼狱杏寿郎,鬼灭之刃,日野聪,Rengoku Kyōjurō,,2019,4,,
甘露寺蜜璃,鬼灭之刃,花泽香菜,Kanroji Mitsuri,,2019,4,,
木之本樱,魔卡少女樱,丹下樱,Kinomoto Sakura,https://pic1.imgdb.cn/item/6785db17d0e0a243d4f412a1.png,1998,4,,
伊蕾娜,魔女之旅,本渡枫,Elaina,,,,,
黑羽快斗,魔术快斗,山口胜平,Kuroba Kaito,,2010,4,,
羽鸟智世,魔法使的新娘,种崎敦美,Hatori Chise,,,,,2月15日
菲特·泰斯塔罗沙·哈洛温,魔法少女奈叶,水树奈奈,Fate Testarossa,,,,,
巴麻美,魔法少女小圆,水桥香织,Tomoe Mami,,2011,1,,
晓美焰,魔法少女小圆,斋藤千和,Akemi Homura,https://pic1.imgdb.cn/item/674086b0d29ded1a8c07b0d0.png,2011,1,,3月8日
鹿目圆,魔法少女小圆,悠木碧,Kaname Madoka,https://pic1.imgdb.cn/item/6735f305d29ded1a8cade1ab.png,2011,1,,
一方通行,魔法禁书目录,冈本信彦,Accelerator,,2008,10,,
上条当麻,魔法禁书目录,阿部敦,Kamijō Tōma,,2008,10,,
御坂美琴,魔法禁书目录,佐藤利奈,Misaka Mikoto,,2008,10,,
白井黑子,魔法禁书目录,新井里美,Shirai Kuroko,https://pic1.imgdb.cn/item/6736eaa2d29ded1a8c5a7413.png,2008,10,,
芙兰达·塞维伦,魔法禁书目录,内田真礼,Frenda Seivelun,,2008,10,,
茵蒂克丝,魔法禁书目录,井口裕香,Index L. Prohibitorum,https://pic1.imgdb.cn/item/6785da38d0e0a243d4f4124b.png,2008,10,,
食蜂操祈,魔法禁书目录,浅仓杏美,Shokuhō Misaki,,2008,10,,
峰不二子,鲁邦三世,泽城美雪,Mine Fujiko,,1971,10,,
亚斯塔,黑色四叶草,梶原岳人,Asta,,2017,10,,
诺艾儿·西尔法,黑色四叶草,优木加奈,Noelle Silva,,2017,10,,
齐木楠雄,齐木楠雄的灾难,神谷浩史,Saiki Kusuo,,2016,7,,
逢坂大河,龙与虎,钉宫理惠,Aisaka Taiga,https://pic1.imgdb.cn/item/6742aa2888c538a9b5bb4148.png,2008,10,,
高须龙儿,龙与虎,间岛淳司,Takasu Ryūji,,2008,10,,
空银子,龙王的工作！,金元寿子,Sora Ginko,,2018,1,,
孙悟空,龙珠,野泽雅子,Son Goku,,1986,1,,
贝吉塔,龙珠,堀川亮,Vegeta,,1986,1,,
的场静司,夏目友人帐,诹访部顺一,Matoba Seiji,,2008,7,,
蓝染惣右介,BLEACH,速水奖,Aizen Sosuke,,2004,10,,
斯派克·斯皮格尔,星际牛仔,山寺宏一,Spike Spiegel,,1998,4,,
五条新菜,更衣人偶坠入爱河,石毛翔弥,Gojō Wakana,,2022,1,,
影山飞雄,排球少年！！,石川界人,Kageyama Tobio,,2014,4,,
天王寺瑚太朗,Rewrite,森田成一,Tennōji Kotarō,,2016,7,,
坂井悠二,灼眼的夏娜,日野聪,Sakai Yūji,,2005,10,,
黑,黑之契约者,木内秀信,Hei,,2007,4,,
白血球(U-1146),工作细胞,前野智昭,Neutrophil U-1146,,2018,7,,
犬夜叉,犬夜叉,山口胜平,Inuyasha,,2000,10,,
内卷昴,这个美术社大有问题！,小林裕介,Uchimaki Subaru,,2016,7,,
赤羽业,暗杀教室,冈本信彦,Akabane Karma,,2015,1,,
一条乐,伪恋,内山昂辉,Ichijō Raku,,2014,1,,
名取周一,夏目友人帐,石田彰,Natori Shūichi,,2008,7,,
杀生丸,犬夜叉,成田剑,Sesshōmaru,,2000,10,,
国崎往人,AIR,小野大辅,Kunisaki Yukito,,2005,1,,
神原秋人,境界的彼方,KENN,Kanbara Akihito,,2013,10,,
安昙小太郎,月色真美,千叶翔也,Azumi Kotarō,,2017,4,,
李小狼,魔卡少女樱,熊井统子,Li Syaoran,,1998,4,京都动画,12月31日
可儿江西也,甘城光辉游乐园,内山昂辉,Kanie Seiya,,2014,10,,
卫宫,Fate系列,诹访部顺一,Archer,,2006,1,,
艾泽,葬送的芙莉莲,上田燿司,Eisen,,2023,10,,
和泉正宗,埃罗芒阿老师,松冈祯丞,Izumi Masamune,,2017,4,,
海塔,葬送的芙莉莲,东地宏树,Heiter,,2023,10,,
野崎梅太郎,月刊少女野崎君,中村悠一,Nozaki Umetarō,,2014,7,,
广,Darling in the FranXX,上村祐翔,Hiro,,2018,1,,
赛欧特·利迦,86 -不存在的战区-,藤原夏海,Theoto Rikka,,2021,4,,
基尔伯特·布甘比利亚,紫罗兰永恒花园,浪川大辅,Gilbert Bougainvillea,,2018,1,,
司波达也,魔法科高中的劣等生,中村悠一,Shiba Tatsuya,,2014,4,,
奇犽·揍敌客,HUNTER×HUNTER,伊濑茉莉也,Killua Zoldyck,,1999,10,,
苗木诚,弹丸论破,绪方惠美,Naegi Makoto,,2013,7,,
高坂京介,我的妹妹哪有这么可爱！,中村悠一,Kōsaka Kyōsuke,,2010,10,,
榊原恒一,Another,阿部敦,Sakakibara Kōichi,,2012,1,,
平贺才人,零之使魔,日野聪,Hiraga Saito,,2006,7,,
王耀,黑塔利亚,甲斐田幸,Wang Yao,,2009,1,,
绫崎飒,旋风管家,白石凉子,Ayasaki Hayate,,2007,4,,
乔鲁诺·乔巴拿,JoJo的奇妙冒险,小野贤章,Giorno Giovanna,,2012,10,,
狛枝凪斗,弹丸论破,绪方惠美,Komaeda Nagito,,2013,7,,
夜守光,彻夜之歌,佐藤元,Yamori Kō,,2022,7,,
尤吉欧,刀剑神域,岛崎信长,Eugeo,,2012,7,,
乔瑟夫·乔斯达,JoJo的奇妙冒险,杉田智和,Joseph Joestar,,2012,10,,
碓冰拓海,会长是女仆大人！,冈本信彦,Usui Takumi,,2010,4,,
九头龙八一,龙王的工作！,内田雄马,Kuzuryū Yaichi,,2018,1,,
宇智波带土,火影忍者,潘惠美,Uchiha Obito,,2002,10,,
宇智波斑,火影忍者,内田直哉,Uchiha Madara,,2002,10,,
直枝理树,Little Busters!,堀江由衣,Naoe Riki,,2012,10,,
绪方修,契约之吻,齐藤壮马,Ogata Shū,,2022,7,,
鲁邦三世,鲁邦三世,栗田贯一,Arsène Lupin III,,1971,10,,
自来也,火影忍者,大冢芳忠,Jiraiya,,2002,10,,
古河秋生,CLANNAD,置鲇龙太郎,Furukawa Akio,,2007,10,,
火村夕,悠久之翼,远近孝一,Himura Yū,,2007,10,,
樱川九郎,虚构推理,宫野真守,Sakuragawa Kurō,,2020,1,,
柊舞缇娜,憧憬成为魔法少女,和泉风花,Hiiragi Utena,,2024,1,,
玛露西尔,迷宫饭,千本木彩花,Marcille Donato,,2024,1,,
阿良河基维,憧憬成为魔法少女,古贺葵,Araga Kiwi,,2024,1,,
糸濑雪,指尖相触，恋恋不舍,诸星堇,Itose Yuki,,2024,1,,
莉雪·伊路姆加德·维尔兹纳,轮回七次的恶役千金，在前敌国享受随心所欲的新婚生活,长谷川育美,Rishe Irmgard Weitzner,,2024,1,,
天音莉莉,愚蠢天使与恶魔共舞,佐仓绫音,Amane Lily,,2024,1,,8月3日
一之濑帆波,欢迎来到实力至上主义的教室,东山奈央,Ichinose Honami,,2017,7,,3月20日
公主,公主大人，接下来是“拷问”时间,白石晴香,Hime,,2024,1,,4月10日
尤贝尔,葬送的芙莉莲,长谷川育美,Übel,,2023,10,,
羽前京香,魔都精兵的奴隶,鬼头明里,Uzen Kyōka,,2024,1,AIC，Production IMS，J.C.STAFF，GEEK TOYS,6月10日
艾维,最弱的驯养师开启的捡垃圾的旅途。,铃木爱奈,Ivy,,2024,1,,
冬木美波,北海道辣妹贼拉可爱,佐仓绫音,Fuyuki Minami,,2024,1,,11月11日
露琼·雷德斯塔,金属口红,宫本侑芽,Rouge Redstar,,2024,1,,
椎名日和,欢迎来到实力至上主义的教室,高桥李依,Shiina Hiyori,,2017,7,,
邻居妹妹,佐佐木与文鸟小哔,鬼头明里,Otonari-san,,2024,1,,
菊池风香,弱势角色友崎君,茅野爱衣,Kikuchi Fūka,,2021,1,,
尤蜜拉·多克尼斯,反派千金等级99～我是隐藏头目但不是魔王～,菲鲁兹·蓝,Yumiella Dolkness,,2024,1,,2月5日
关根萌子,我心里危险的东西,潘惠美,Sekine Moeko,,2023,4,,
向坂雫,我独自升级,上田丽奈,Cha Hae-in,,2024,1,,
露缇,因为不是真正的伙伴而被逐出勇者队伍，流落到边境展开慢活人生,大空直美,Ruti,,2021,10,,
犬饲小麦,美妙宠物 光之美少女！,长绳麻理亚,Inukai Komugi,,2024,1,,
拉姆,福星小子,上坂堇,Lum,,1981,10,,
澪,月光下的异世界之旅,鬼头明里,Mio,,2021,7,,
雷蒙·厄文,物理魔法使马修,上田丽奈,Lemon Irvine,,2023,4,,
玉,战国妖狐,高田忧希,Tama,,2024,1,,
克莉丝朵·诺巴提·诺卡那堤卡,婚戒物语,鬼头明里,Krystal Novaty Nokanatika,,2024,1,,
花菱春香,憧憬成为魔法少女,前田佳织里,Hanabishi Haruka,,2024,1,,
水神小夜,憧憬成为魔法少女,风间万裕子,Minakami Sayo,,2024,1,,8月2日
坂柳有栖,欢迎来到实力至上主义的教室,日高里菜,Sakayanagi Arisu,,2017,7,,12月16日
杜乃可莉丝,憧憬成为魔法少女,杉浦刊,Morino Korisu,,2024,1,,9月23日
赞泽,葬送的芙莉莲,照井春佳,Sense,,2023,10,,
法琳,迷宫饭,早见沙织,Falin Touden,,2024,1,,
日南葵,弱势角色友崎君,金元寿子,Hinami Aoi,,2021,1,,
七海深奈实,弱势角色友崎君,长谷川育美,Nanami Minami,,2021,1,,
秋野沙友理,北海道辣妹贼拉可爱,花守由美里,Akino Sayuri,,2024,1,,
阿古屋真珠,憧憬成为魔法少女,相坂优歌,Akoya Matama,,2024,1,,
莱欧斯,迷宫饭,熊谷健太郎,Laios Touden,,2024,1,,
水篠旬,我独自升级,坂泰斗,Sung Jin-woo,,2024,1,,
马修·班迪德,物理魔法使马修,小林千晃,Mash Burnedead,,2023,4,,
阿诺德·海因,轮回七次的恶役千金，在前敌国享受随心所欲的新婚生活,岛崎信长,Arnold Hein,,2024,1,,
阿久津雅虎,愚蠢天使与恶魔共舞,内田雄马,Akutsu Masatora,,2024,1,,
友崎文也,弱势角色友崎君,佐藤元,Tomozaki Fumiya,,2021,1,,
波岐逸臣,指尖相触，恋恋不舍,宫崎游,Nagi Itsuomi,,2024,1,,
佐佐木,佐佐木与文鸟小哔,杉田智和,Sasaki,,2024,1,,
齐尔查克,迷宫饭,泊明日菜,Chilchuck Tims,,2024,1,,
兔里健,治愈魔法的错误使用法～奔赴战场的回复要员～,坂田将吾,Usato Ken,,2024,1,,
山户迅火,战国妖狐,齐藤壮马,Jinka,,2024,1,,
兰托,葬送的芙莉莲,小松昌平,Land,,2023,10,,
嬴政,王者天下,福山润,Ying Zheng,,2012,4,,
坏人先生,休假日的坏人先生,浅沼晋太郎,Warumono-san,,2024,1,,
四季翼,北海道辣妹贼拉可爱,岛崎信长,Shiki Tsubasa,,2024,1,,
和仓优希,魔都精兵的奴隶,广濑裕也,Wakura Yūki,,2024,1,,
高远夜雾,秒杀外挂太强了，异世界的家伙们根本就不是对手。,内山昂辉,Takatō Yogiri,,2024,1,,
深澄真,月光下的异世界之旅,花江夏树,Misumi Makoto,,2021,7,,
安迪,不死不幸,中村悠一,Andy,,2023,10,,
路易斯·史密斯,勇气爆发BANG BRAVERN,阿座上洋平,Lewis Smith,,2024,1,,
雷特·费纳,事与愿违的不死冒险者,铃木崚汰,Rentt Faina,,2024,1,,
派翠克·阿修巴顿,反派千金等级99～我是隐藏头目但不是魔王～,内田雄马,Patrick Ashbatten,,2024,1,,4月20日
柳之剑宗次朗,异修罗,梶裕贵,Yanagi no Tsurugi no Sōjirō,,2024,1,,
雷德,因为不是真正的伙伴而被逐出勇者队伍，流落到边境展开慢活人生,铃木崚汰,Red,,2021,10,,
兵头真介,战国妖狐,木村良平,Shinsuke,,2024,1,,
井芹仁菜,GIRLS BAND CRY,理名,Iseri Nina,,2024,4,,
安和昴,GIRLS BAND CRY,美怜,Awa Subaru,,2024,4,,
河原木桃香,GIRLS BAND CRY,夕莉,Kawaragi Momoka,,2024,4,,
光月真昼,夜晚的水母不会游泳,伊藤美来,Kōzuki Mahiru,,2024,4,,
山之内花音,夜晚的水母不会游泳,高桥李依,Yamanouchi Kano,,2024,4,,
木野日鞠,恋语轻唱,岛野花,Kino Himari,,2024,4,,
朝凪依,恋语轻唱,濑户麻沙美,Asanagi Yori,,2024,4,,
泉志帆,恋语轻唱,根本优奈,Izumi Shiho,,2024,4,,
芬里丝,从Lv2开始开外挂的前勇者候补过着悠哉异世界生活,钉宫理惠,Fenrys,,2024,4,,
上原步梦,LoveLive!系列,大西亚玖璃,Uehara Ayumu,,2013,1,,
钟岚珠,LoveLive!系列,法元明菜,Zhong Lanzhu,,2013,1,,
莎拉·达·奥丁,怪人的沙拉碗,矢野妃菜喜,Sara Da Odin,,2024,4,,
夜樱六美,夜樱家的大作战,本渡枫,Yozakura Mutsumi,,2024,4,,
渡边千佳,声优广播的幕前幕后,丰田萌绘,Watanabe Chika,,2024,4,,
志摩凛,摇曳露营△,东山奈央,Shima Rin,,2018,4,,
斋藤依音,老夫老妻重返青春,能登麻美子,Saitō Ine,,2024,4,,
小鸟游星野,蔚蓝档案,花守由美里,Takanashi Hoshino,,2024,4,,
飞羽,单人房、日照一般、附天使。,远野光,Towa,,2024,4,,
崇宫澪,约会大作战,远藤绫,Takamiya Mio,,2013,4,,
东云晶,末班列车去哪里？,木野日菜,Shinonome Akira,,2024,4,,
千仓静留,末班列车去哪里？,安济知佳,Shizuru Chikura,,2024,4,,
涅菲莉亚,身为魔王的我娶了奴隶精灵为妻，该如何表白我的爱？,市之濑加那,Neferia,,2024,4,京都动画,11月11日
佐藤由美子,声优广播的幕前幕后,伊藤美来,Satō Yumiko,,2024,4,,
砂狼白子,蔚蓝档案,小仓唯,Sunaōkami Shiroko,,2024,4,,
爱丽丝,为美好的世界献上祝福！,高尾奏音,Iris,,2016,1,,7月2日
黑江真由,吹响！上低音号,户松遥,Kuroe Mayu,,2015,4,京都动画,8月21日
中须霞,LoveLive!系列,相良茉优,Nakasu Kasumi,,2013,1,,
海老冢智,GIRLS BAND CRY,凪都,Ebizuka Tomo,,2024,4,,4月2日
夏尔·凡多姆海恩,黑执事,坂本真绫,Ciel Phantomhive,,2008,10,,1月1日
塞巴斯蒂安·米卡利斯,黑执事,小野大辅,Sebastian Michaelis,,2008,10,,
费里欧,从Lv2开始开外挂的前勇者候补过着悠哉异世界生活,日野聪,Flio,,2024,4,,
克拉福·罗伦斯,狼与香辛料,福山润,Kraft Lawrence,,2008,1,,
斋藤正藏,老夫老妻重返青春,三木真一郎,Saitō Shōzō,,2024,4,,
朝野太阳,夜樱家的大作战,川岛零士,Asano Taiyō,,2024,4,,
洛伊德·迪·沙鲁姆,转生七王子的魔法全解,小市真琴,Lloyd Saloum,,2024,4,,2月10日
清峰叶流火,失忆投捕,增田俊树,Kiyomine Haruka,,2024,4,,
要圭,失忆投捕,宫野真守,Kaname Kei,,2024,4,,
老师,蔚蓝档案,坂田将吾,Sensei,,2024,4,,
镝矢惣助,怪人的沙拉碗,古川慎,Kaburaya Sōsuke,,2024,4,,
斋藤治,雀魂麻将,安元洋贵,Saitō Osamu,,2022,4,,
樱遥,WIND BREAKER 防风铃,内田雄马,Sakura Haruka,,2024,4,,
少爷,死神少爷与黑女仆,花江夏树,Bocchan,,2021,7,,
日比野卡夫卡,怪兽8号,福西胜也,Hibino Kafuka,,2024,4,,
萨冈,身为魔王的我娶了奴隶精灵为妻，该如何表白我的爱？,小林裕介,Zagan,,2024,4,,
斐伊·提欧·菲尔斯,渴求游戏之神,岛崎信长,Fay Theo Philus,,2024,4,,
保罗·格雷拉特,无职转生,森川智之,Paul Greyrat,,2021,1,,
阿诺斯·波鲁迪戈乌多,魔王学院的不适任者,梅原裕一郎,Anos Voldigoad,,2020,7,,
花野井飒生,花野井同学和相思病,小林千晃,Hananoi Saki,,2024,4,,
奥斯卡,Unnamed Memory,中岛良树,Oscar,,2024,4,,
佐佐仓溜,调酒师,寺岛拓笃,Sasakura Ryū,,2006,10,,
千早瞬平,失忆投捕,岛崎信长,Chihaya Shunpei,,2024,4,,
亚托莉,ATRI -My Dear Moments-,赤尾光,Atri,,2024,7,,
绫濑沙季,义妹生活,中岛由贵,Ayase Saki,,2024,7,,
小鞠知花,败犬女主太多了！,寺泽百花,Komari Chika,,2024,7,,
玛利亚·米哈伊罗夫纳·九条,不时轻声地以俄语遮羞的邻座艾莉同学,藤井幸代,Maria Mikhailovna Kujō,,2024,7,,
七仓凛,疑似后宫,早见沙织,Nanakura Rin,,2024,7,,
周防有希,不时轻声地以俄语遮羞的邻座艾莉同学,丸冈和佳奈,Suō Yuki,,2024,7,,
艾莉莎·米哈伊罗夫纳·九条,不时轻声地以俄语遮羞的邻座艾莉同学,上坂堇,Alisa Mikhailovna Kujō,,2024,7,,
神白水菜萌,ATRI -My Dear Moments-,高桥未奈美,Kamishiro Minamo,,2024,7,,
鹿乃子乃子,鹿乃子乃子乃子虎视眈眈,潘惠美,Shikanoko Noko,,2024,7,,
虎视虎子,鹿乃子乃子乃子虎视眈眈,藤田咲,Koshi Torako,,2024,7,,
小佐内由纪,小市民系列,羊宫妃那,Osanai Yuki,,2024,7,,
橘美花莉,2.5次元的诱惑,鬼头明里,Tachibana Mikari,,2024,7,,
读卖栞,义妹生活,铃木实里,Yomiuri Shiori,,2024,7,,
苍井咲,前辈是男孩子,关根明良,Aoi Saki,,2024,7,,
深森白夜,魔法少女与邪恶曾经敌对。,中原麻衣,Mimori Byakuya,,2024,7,,
藤野步,蓦然回首,河合优实,Fujino Ayumu,,2024,7,,
心音淡雪,身为VTuber的我因为忘记关台而成了传说,佐仓绫音,Kokorone Awayuki,,2024,7,,
园上真咲,深夜Punch,长谷川育美,Sonōe Masaki,,2024,7,,
雫,擅长逃跑的殿下,高木遥香,Shizuku,,2024,7,,
柯蕾特·卢瓦尔,杖与剑的魔剑谭,天野聪美,Colette Loire,,2024,7,,
忍野忍,物语系列,坂本真绫,Oshino Shinobu,,2009,7,,12月28日
哈莉·奎茵,异世界自杀小队,永濑安奈,Harley Quinn,,2024,7,,
贝尔,地下城里的人们,铃代纱弓,Belle,,2024,7,,
美空彼方,亦叶亦花,中川梨花,Misora Kanata,,2024,7,,
MEM啾,【我推的孩子】,大久保瑠美,Mem-cho,,2023,4,,
温水佳树,败犬女主太多了！,田中美海,Nukumizu Kaju,,2024,7,,
天乃莉莉纱,2.5次元的诱惑,前田佳织里,Amano Ririsa,,2024,7,,
京本,蓦然回首,吉田美月喜,Kyōmoto,,2024,7,,
马剃天爱星,败犬女主太多了！,诸星堇,Basori Tiara,,2024,7,,
虎视馅子,鹿乃子乃子乃子虎视眈眈,田边留依,Koshi Anko,,2024,7,,
斑鸠夏生,ATRI -My Dear Moments-,小野贤章,Ikaruga Natsuki,,2024,7,,
北条时行,擅长逃跑的殿下,结川朝希,Hōjō Tokiyuki,,2024,7,,
久世政近,不时轻声地以俄语遮羞的邻座艾莉同学,天崎滉平,Kuze Masachika,,2024,7,,
花冈真琴,前辈是男孩子,梅田修一朗,Hanaoka Makoto,,2024,7,,10月3日
小鸠常悟朗,小市民系列,梅田修一朗,Kobato Jōgorō,,2024,7,,
北滨瑛二,疑似后宫,冈本信彦,Kitahama Eiji,,2024,7,,
大我龙二,前辈是男孩子,内田雄马,Taiga Ryūji,,2024,7,,
瑞克·桑切斯,瑞克和莫蒂,多田野曜平,Rick Sanchez,,2024,7,,
米拉,魔法少女与邪恶曾经敌对。,小野友树,Mira,,2024,7,,
奥村正宗,2.5次元的诱惑,榎木淳弥,Okumura Masamune,,2024,7,,
威尔·赛尔佛特,杖与剑的魔剑谭,天崎滉平,Will Serfort,,2024,7,,
传奇终结究极炸弹,哎咕岛消失的舔甜歌姬,江口拓也,Legendary Final Climax Bomb,,2024,7,,
莫蒂·史密斯,瑞克和莫蒂,千叶启介,Morty Smith,,2024,7,,
风早翔太,好想告诉你,三浦春马,Kazehaya Shōta,,2009,10,,
凯伊·沙克拉·班特,为何我的世界被遗忘了？,千叶翔也,Kai Sakura Vento,,2024,7,,
老师,异世界失格,神谷浩史,Sensei,,2024,7,,
小丑,异世界自杀小队,梅原裕一郎,Joker,,2024,7,,
姬川大辉,【我推的孩子】,内山昂辉,Himekawa Taiki,,2023,4,,
白崎纯,双生恋情密不可分,坂田将吾,Shirochiki Jun,,2024,7,,
吉奥尔多·斯提亚特,转生成为了只有乙女游戏破灭Flag的邪恶大小姐,苍井翔太,Geordo Stuart,,2020,4,,
小杉拓马,我的妻子没有感情,丰永利行,Kosugi Takuma,,2024,7,,
大友寿,黄昏光影,内田雄马,Ōtomo Hisashi,,2024,7,,
兰贾德,地下城里的人们,楠见尚己,Rangado,,2024,7,,
第二十五夜,神之塔,市川太一,Twenty-Fifth Bam,,2020,4,,
昆·阿圭罗·阿尼亚斯,神之塔,冈本信彦,Khun Aguero Agnes,,2020,4,,
纳兹·多拉格尼尔,妖精的尾巴,柿原彻也,Natsu Dragneel,,2009,10,,
冒失鬼八兵卫,哎咕岛消失的舔甜歌姬,齐藤壮马,Careless Hachibei,,2024,7,,
诹访赖重,擅长逃跑的殿下,中村悠一,Suwa Yorishige,,2024,7,,
鸣岛梅尔特,【我推的孩子】,前田诚二,Narushima Melt,,2023,4,,
不速之客,哎咕岛消失的舔甜歌姬,西山宏太朗,Uninvited Guest,,2024,7,,
