ID,角色,IP,CV,头像,状态,分组,季节,性别
SF001,后藤一里,孤独摇滚！,青山吉能,https://pic1.imgdb.cn/item/67395de7d29ded1a8c43c21e.png,已晋级至预选赛,stellar,-,female
SF002,中野梓,轻音少女,竹达彩奈,https://pic1.imgdb.cn/item/67395e7cd29ded1a8c443a4c.png,已晋级至预选赛,stellar,-,female
SF003,结城明日奈,刀剑神域,户松遥,https://pic1.imgdb.cn/item/6739616cd29ded1a8c4679d2.png,已晋级至预选赛,stellar,-,female
SF004,平泽唯,轻音少女,丰崎爱生,https://pic1.imgdb.cn/item/67395e01d29ded1a8c43d7cf.png,已晋级至预选赛,stellar,-,female
SF005,樱岛麻衣,青春猪头少年,濑户麻沙美,https://pic1.imgdb.cn/item/673967ddd29ded1a8c4ad8fb.png,已晋级至预选赛,stellar,-,female
SF006,白,NO GAME NO LIFE 游戏人生,茅野爱衣,https://pic1.imgdb.cn/item/67396180d29ded1a8c468667.png,已晋级至预选赛,stellar,-,female
SF007,友利奈绪,Charlotte,佐仓绫音,https://pic1.imgdb.cn/item/67396124d29ded1a8c46467d.png,已晋级至预选赛,stellar,-,female
SF008,秋山澪,轻音少女,日笠阳子,https://pic1.imgdb.cn/item/673967f2d29ded1a8c4ae5a2.png,已晋级至预选赛,stellar,-,female
SF009,小鸟游六花,中二病也要谈恋爱！,内田真礼,https://pic1.imgdb.cn/item/67357455d29ded1a8c343203.png,已晋级至预选赛,stellar,-,female
SF010,喜多郁代,孤独摇滚！,长谷川育美,https://pic1.imgdb.cn/item/6739682ad29ded1a8c4b0962.png,已晋级至预选赛,stellar,-,female
SF011,北白川玉子,玉子市场,洲崎绫,https://pic1.imgdb.cn/item/67396817d29ded1a8c4afe96.png,已晋级至预选赛,stellar,-,female
SF012,爱蜜莉雅,Re:从零开始的异世界生活,高桥李依,https://pic1.imgdb.cn/item/67396195d29ded1a8c469653.png,已晋级至预选赛,stellar,-,female
SF013,椎名真白,樱花庄的宠物女孩,茅野爱衣,https://pic1.imgdb.cn/item/67396804d29ded1a8c4af1d3.png,已晋级至预选赛,stellar,-,female
SF014,芙拉蒂蕾娜·米利杰,86 -不存在的战区-,长谷川育美,https://pic1.imgdb.cn/item/67396158d29ded1a8c466c38.png,已晋级至预选赛,stellar,-,female
SF015,中野三玖,五等分的新娘,伊藤美来,https://pic1.imgdb.cn/item/6739613ed29ded1a8c465c2c.png,已晋级至预选赛,stellar,-,female
SF016,锦木千束,莉可丽丝,安济知佳,https://pic1.imgdb.cn/item/6742b0d888c538a9b5bb4231.png,已晋级至预选赛,stellar,-,female
SF017,喜多川海梦,更衣人偶坠入爱河,直田姬奈,https://pic1.imgdb.cn/item/67418e3fd29ded1a8cd920fd.png,已晋级至预选赛,stellar,-,female
SF018,千早爱音,BanG Dream!,立石凛,https://pic1.imgdb.cn/item/6785d828d0e0a243d4f411bd.png,已晋级至预选赛,stellar,-,female
SF019,长崎爽世,BanG Dream!,小日向美香,https://pic1.imgdb.cn/item/6785d850d0e0a243d4f411cc.png,已晋级至预选赛,stellar,-,female
SF020,菲伦,葬送的芙莉莲,市之濑加那,https://pic1.imgdb.cn/item/6785d861d0e0a243d4f411ce.png,已晋级至预选赛,stellar,-,female
SF021,丰川祥子,BanG Dream!,高尾奏音,https://pic1.imgdb.cn/item/6785d881d0e0a243d4f411d8.png,已晋级至预选赛,stellar,-,female
SF022,芙莉莲,葬送的芙莉莲,种崎敦美,https://pic1.imgdb.cn/item/6785d898d0e0a243d4f411de.png,已晋级至预选赛,stellar,-,female
SF023,梓川枫,青春猪头少年,久保由利香,https://pic1.imgdb.cn/item/6785d8b2d0e0a243d4f411e0.png,已晋级至预选赛,stellar,-,female
SF024,椎名真昼,关于我在无意间被隔壁的天使变成废柴这件事,石见舞菜香,,已晋级至预选赛,stellar,-,female
SF025,绪山真寻,别当欧尼酱了！,高野麻里佳,https://pic1.imgdb.cn/item/6785d8f9d0e0a243d4f411f4.png,已晋级至预选赛,stellar,-,female
SF026,约尔·福杰,间谍过家家,早见沙织,https://pic1.imgdb.cn/item/677fbeb6d0e0a243d4f2c994.png,已晋级至预选赛,stellar,-,female
SF027,高松灯,BanG Dream!,羊宫妃那,https://pic1.imgdb.cn/item/6785d914d0e0a243d4f41202.png,已晋级至预选赛,stellar,-,female
SF028,阿尼亚·福杰,间谍过家家,种崎敦美,https://pic1.imgdb.cn/item/677fba37d0e0a243d4f2c800.png,已晋级至预选赛,stellar,-,female
SF029,比企谷小町,我的青春恋爱物语果然有问题。,悠木碧,https://pic1.imgdb.cn/item/6785d92ed0e0a243d4f41214.png,已晋级至预选赛,stellar,-,female
SF030,雪之下阳乃,我的青春恋爱物语果然有问题。,中原麻衣,https://pic1.imgdb.cn/item/6785d942d0e0a243d4f41220.png,已晋级至预选赛,stellar,-,female
SF031,双叶理央,青春猪头少年,种崎敦美,https://pic1.imgdb.cn/item/6785d958d0e0a243d4f41226.png,已晋级至预选赛,stellar,-,female
SF032,星野日向,天使降临到了我身边！,长江里加,https://pic1.imgdb.cn/item/6785d987d0e0a243d4f4122c.png,已晋级至预选赛,stellar,-,female
SF033,白咲花,天使降临到了我身边！,指出毬亚,https://pic1.imgdb.cn/item/6785d99ad0e0a243d4f4122e.png,已晋级至预选赛,stellar,-,female
SF034,星野爱,【我推的孩子】,高桥李依,https://pic1.imgdb.cn/item/6785d9aed0e0a243d4f41230.png,已晋级至预选赛,stellar,-,female
SF035,四谷见子,看得见的女孩,雨宫天,https://pic1.imgdb.cn/item/6785d9d5d0e0a243d4f41235.png,已晋级至预选赛,stellar,-,female
SF036,星野瑠美衣,【我推的孩子】,伊驹百合绘,https://pic1.imgdb.cn/item/6785d9eed0e0a243d4f41239.png,已晋级至预选赛,stellar,-,female
SF037,茵蒂克丝,魔法禁书目录,井口裕香,https://pic1.imgdb.cn/item/6785da38d0e0a243d4f4124b.png,已晋级至预选赛,stellar,-,female
SF038,千斗五十铃,甘城光辉游乐园,加隈亚衣,https://pic1.imgdb.cn/item/6785da20d0e0a243d4f41244.png,已晋级至预选赛,stellar,-,female
SF039,若叶睦,BanG Dream!,渡濑结月,https://pic1.imgdb.cn/item/6785dafad0e0a243d4f41299.png,已晋级至预选赛,stellar,-,female
SF040,托尔,小林家的龙女仆,桑原由气,https://pic1.imgdb.cn/item/6785dc2ed0e0a243d4f412fc.png,已晋级至预选赛,stellar,-,female
SF041,要乐奈,BanG Dream!,青木阳菜,https://pic1.imgdb.cn/item/6785dc5bd0e0a243d4f41319.png,已晋级至预选赛,stellar,-,female
SF042,牧野神奈,玉子市场,长妻树里,,已晋级至预选赛,stellar,-,female
SF043,香风智乃,请问您今天要来点兔子吗？,水濑祈,,已晋级至预选赛,stellar,-,female
SF044,木之本樱,魔卡少女樱,丹下樱,https://pic1.imgdb.cn/item/6785db17d0e0a243d4f412a1.png,已晋级至预选赛,stellar,-,female
SF045,鸢一折纸,约会大作战,富坚美铃,https://pic1.imgdb.cn/item/67408f5fd29ded1a8c0ef0c4.png,已晋级至预选赛,stellar,-,female
SF046,七宫智音,中二病也要谈恋爱！,长妻树里,,已晋级至预选赛,stellar,-,female
SF047,见崎鸣,Another,高森奈津美,https://pic1.imgdb.cn/item/677fc553d0e0a243d4f2cab0.png,已晋级至预选赛,stellar,-,female
SF048,塞西莉亚,白圣女与黑牧师,泽田姬,,已晋级至预选赛,stellar,-,female
SF049,毛利兰,名侦探柯南,山崎和佳奈,,已晋级至预选赛,stellar,-,female
SF050,堀京子,堀与宫村,户松遥,https://pic1.imgdb.cn/item/677fbcd5d0e0a243d4f2c905.png,已晋级至预选赛,stellar,-,female
SF051,优木雪菜,LoveLive!系列,林鼓子,,已晋级至预选赛,stellar,-,female
SF052,霞之丘诗羽,路人女主的养成方法,茅野爱衣,https://pic1.imgdb.cn/item/677fbee0d0e0a243d4f2c99f.png,已晋级至预选赛,stellar,-,female
SF053,神尾观铃,AIR,真田麻美,,已晋级至预选赛,stellar,-,female
SF054,藤原千花,辉夜大小姐想让我告白～天才们的恋爱头脑战～,小原好美,https://pic1.imgdb.cn/item/677fbc90d0e0a243d4f2c8eb.png,已晋级至预选赛,stellar,-,female
SF055,初音未来,VOCALOID,藤田咲,https://pic1.imgdb.cn/item/677fc598d0e0a243d4f2cac6.png,已晋级至预选赛,stellar,-,female
SF056,西木野真姬,LoveLive!系列,Pile,,已晋级至预选赛,stellar,-,female
SF057,康娜卡姆依,小林家的龙女仆,长绳麻理亚,https://pic1.imgdb.cn/item/677fbec3d0e0a243d4f2c997.png,已晋级至预选赛,stellar,-,female
SF058,楪祈,罪恶王冠,茅野爱衣,https://pic1.imgdb.cn/item/67409786d29ded1a8c162b2b.png,已晋级至预选赛,stellar,-,female
SF059,洛琪希·米格路迪亚,无职转生,小原好美,https://pic1.imgdb.cn/item/673be698d29ded1a8c2b0709.png,已晋级至预选赛,stellar,-,female
SF060,椎名立希,BanG Dream!,林鼓子,,已晋级至预选赛,stellar,-,female
SF061,栗山未来,境界的彼方,种田梨沙,https://pic1.imgdb.cn/item/674139a4d29ded1a8c82bdde.png,已晋级至预选赛,stellar,-,female
SF062,伞木希美,吹响！上低音号,东山奈央,https://pic1.imgdb.cn/item/6736023ed29ded1a8cbb10be.png,已晋级至预选赛,stellar,-,female
SF063,渡边曜,LoveLive!系列,齐藤朱夏,,已晋级至预选赛,stellar,-,female
SF064,间桐樱,Fate系列,下屋则子,,已晋级至预选赛,stellar,-,female
SF065,桐崎千棘,伪恋,东山奈央,https://pic1.imgdb.cn/item/674139ebd29ded1a8c82ff0c.png,已晋级至预选赛,stellar,-,female
SF066,惣流·明日香·兰格雷,新世纪福音战士,宫村优子,https://pic1.imgdb.cn/item/673a9839d29ded1a8c27348b.png,已晋级至预选赛,stellar,-,female
SF067,绫波丽,新世纪福音战士,林原惠,https://pic1.imgdb.cn/item/67419547d29ded1a8cde6dfe.png,已晋级至预选赛,stellar,-,female
SF068,一色伊吕波,我的青春恋爱物语果然有问题。,佐仓绫音,https://pic1.imgdb.cn/item/6741390dd29ded1a8c822b9c.png,已晋级至预选赛,stellar,-,female
SF069,铠冢霙,吹响！上低音号,种崎敦美,https://pic1.imgdb.cn/item/67408d6cd29ded1a8c0d1f24.png,已晋级至预选赛,stellar,-,female
SF070,黑川茜,【我推的孩子】,石见舞菜香,,已晋级至预选赛,stellar,-,female
SF071,猫猫,药屋少女的呢喃,悠木碧,,已晋级至预选赛,stellar,-,female
SF072,泽村·斯潘塞·英梨梨,路人女主的养成方法,大西沙织,https://pic1.imgdb.cn/item/677fbddad0e0a243d4f2c966.png,已晋级至预选赛,stellar,-,female
SF073,佐仓千代,月刊少女野崎君,小泽亚李,,已晋级至预选赛,stellar,-,female
SF074,长门有希,凉宫春日的忧郁,茅原实里,https://pic1.imgdb.cn/item/674138bbd29ded1a8c81e277.png,已晋级至预选赛,stellar,-,female
SF075,青山七海,樱花庄的宠物女孩,中津真莉,,已晋级至预选赛,stellar,-,female
SF076,西宫硝子,声之形,早见沙织,https://pic1.imgdb.cn/item/673abe15d29ded1a8c439492.png,已晋级至预选赛,stellar,-,female
SF077,中野一花,五等分的新娘,花泽香菜,,已晋级至预选赛,stellar,-,female
SF078,02,Darling in the FranXX,户松遥,,已晋级至预选赛,stellar,-,female
SF079,珂朵莉·诺塔·瑟尼欧里斯,末日时在做什么？有没有空？可以来拯救吗？,田所梓,https://pic1.imgdb.cn/item/67413954d29ded1a8c8270bd.png,已晋级至预选赛,stellar,-,female
SF080,东海帝王,赛马娘 Pretty Derby,Machico,https://pic1.imgdb.cn/item/67419ca3d29ded1a8ce4ecc8.png,已晋级至预选赛,stellar,-,female
SF081,泉此方,幸运☆星,平野绫,https://pic1.imgdb.cn/item/674138ded29ded1a8c82004e.png,已晋级至预选赛,stellar,-,female
SF082,阿尔托莉雅·潘德拉贡,Fate系列,川澄绫子,https://pic1.imgdb.cn/item/6739c600d29ded1a8c978285.png,已晋级至预选赛,stellar,-,female
SF083,晓美焰,魔法少女小圆,斋藤千和,https://pic1.imgdb.cn/item/674086b0d29ded1a8c07b0d0.png,已晋级至预选赛,stellar,-,female
SF084,天野阳菜,天气之子,森七菜,https://pic1.imgdb.cn/item/677fbca6d0e0a243d4f2c8f5.png,已晋级至预选赛,stellar,-,female
SF085,远坂凛,Fate系列,植田佳奈,https://pic1.imgdb.cn/item/673961a9d29ded1a8c46a1f0.png,已晋级至预选赛,stellar,-,female
SF086,四宫辉夜,辉夜大小姐想让我告白～天才们的恋爱头脑战～,古贺葵,https://pic1.imgdb.cn/item/6739b53ed29ded1a8c8aae29.png,已晋级至预选赛,stellar,-,female
SF087,鹿目圆,魔法少女小圆,悠木碧,https://pic1.imgdb.cn/item/6735f305d29ded1a8cade1ab.png,已晋级至预选赛,stellar,-,female
SF088,春日野穹,缘之空,田口宏子,https://pic1.imgdb.cn/item/673aa700d29ded1a8c30cdf0.png,已晋级至预选赛,stellar,-,female
SF089,尼禄·克劳狄乌斯,Fate系列,丹下樱,,已晋级至预选赛,stellar,-,female
SF090,山田杏奈,我心里危险的东西,羊宫妃那,,已晋级至预选赛,stellar,-,female
SF091,五河琴里,约会大作战,竹达彩奈,https://pic1.imgdb.cn/item/673be110d29ded1a8c2750be.png,已晋级至预选赛,stellar,-,female
SF092,由崎司,总之就是非常可爱,鬼头明里,https://pic1.imgdb.cn/item/6741ad7bd29ded1a8cf60d88.png,已晋级至预选赛,stellar,-,female
SF093,有马加奈,【我推的孩子】,潘惠美,,已晋级至预选赛,stellar,-,female
SF094,两仪式,空之境界,坂本真绫,,已晋级至预选赛,stellar,-,female
SF095,五更琉璃,我的妹妹哪有这么可爱！,花泽香菜,https://pic1.imgdb.cn/item/677fbd7dd0e0a243d4f2c934.png,已晋级至预选赛,stellar,-,female
SF096,高木,擅长捉弄的高木同学,高桥李依,https://pic1.imgdb.cn/item/67411d35d29ded1a8c6a5568.png,已晋级至预选赛,stellar,-,female
SF097,井之上泷奈,莉可丽丝,若山诗音,https://pic1.imgdb.cn/item/673abe6ed29ded1a8c43cd2d.png,已晋级至预选赛,stellar,-,female
SF098,宫水三叶,你的名字。,上白石萌音,https://pic1.imgdb.cn/item/67395e68d29ded1a8c4429ed.png,已晋级至预选赛,stellar,-,female
SF099,安琪·艾玛,86 -不存在的战区-,早见沙织,,已晋级至预选赛,stellar,-,female
SF100,和泉纱雾,埃罗芒阿老师,藤田茜,https://pic1.imgdb.cn/item/6739684cd29ded1a8c4b1e5e.png,已晋级至预选赛,stellar,-,female
SF101,可蕾娜·库克米拉,86 -不存在的战区-,铃代纱弓,,已晋级至预选赛,stellar,-,female
SF102,伊原摩耶花,冰菓,茅野爱衣,,已晋级至预选赛,stellar,-,female
SF103,凸守早苗,中二病也要谈恋爱！,上坂堇,,已晋级至预选赛,stellar,-,female
SF104,中野五月,五等分的新娘,水濑祈,https://pic1.imgdb.cn/item/677fbcc8d0e0a243d4f2c900.png,已晋级至预选赛,stellar,-,female
SF105,中野四叶,五等分的新娘,佐仓绫音,,已晋级至预选赛,stellar,-,female
SF106,逢坂大河,龙与虎,钉宫理惠,https://pic1.imgdb.cn/item/6742aa2888c538a9b5bb4148.png,已晋级至预选赛,stellar,-,female
SF107,凉宫春日,凉宫春日的忧郁,平野绫,https://pic1.imgdb.cn/item/67418d25d29ded1a8cd84d64.png,已晋级至预选赛,stellar,-,female
SF108,由比滨结衣,我的青春恋爱物语果然有问题。,东山奈央,https://pic1.imgdb.cn/item/673a94bdd29ded1a8c251eee.png,已晋级至预选赛,stellar,-,female
SF109,牧濑红莉栖,命运石之门,今井麻美,https://pic1.imgdb.cn/item/67395e28d29ded1a8c43f6d9.png,已晋级至预选赛,stellar,-,female
SF110,古河渚,CLANNAD,中原麻衣,https://pic1.imgdb.cn/item/67419468d29ded1a8cddcff0.png,已晋级至预选赛,stellar,-,female
SF111,丹生谷森夏,中二病也要谈恋爱！,赤崎千夏,,已晋级至预选赛,stellar,-,female
SF112,灰原哀,名侦探柯南,林原惠,https://pic1.imgdb.cn/item/6741a7eed29ded1a8cf033ab.png,已晋级至预选赛,stellar,-,female
SF113,中野二乃,五等分的新娘,竹达彩奈,https://pic1.imgdb.cn/item/6744343188c538a9b5bb9e21.png,已晋级至预选赛,stellar,-,female
SF114,唐可可,LoveLive!系列,Liyuu,,已晋级至预选赛,stellar,-,female
SF115,芙蕾德利嘉·罗森菲尔特,86 -不存在的战区-,久野美咲,,已晋级至预选赛,stellar,-,female
SF116,宫园薰,四月是你的谎言,种田梨沙,https://pic1.imgdb.cn/item/6742b49688c538a9b5bb432f.png,已晋级至预选赛,stellar,-,female
SF117,白井黑子,魔法禁书目录,新井里美,https://pic1.imgdb.cn/item/6736eaa2d29ded1a8c5a7413.png,已晋级至预选赛,stellar,-,female
SF118,平泽忧,轻音少女,米泽圆,,已晋级至预选赛,stellar,-,female
SF119,惠惠,为美好的世界献上祝福！,高桥李依,https://pic1.imgdb.cn/item/67404a34d29ded1a8cd26270.png,已晋级至预选赛,stellar,-,female
SF120,伊地知虹夏,孤独摇滚！,铃代纱弓,https://pic1.imgdb.cn/item/673abde9d29ded1a8c437a20.png,已晋级至预选赛,stellar,-,female
SF121,山田凉,孤独摇滚！,水野朔,https://pic1.imgdb.cn/item/67396860d29ded1a8c4b2e6b.png,已晋级至预选赛,stellar,-,female
SF122,立华奏,Angel Beats!,花泽香菜,https://pic1.imgdb.cn/item/673abe88d29ded1a8c43e672.png,已晋级至预选赛,stellar,-,female
SF123,久石奏,吹响！上低音号,雨宫天,,已晋级至预选赛,stellar,-,female
SF124,琴吹䌷,轻音少女,寿美菜子,https://pic1.imgdb.cn/item/6739b369d29ded1a8c895375.png,已晋级至预选赛,stellar,-,female
SF125,田井中律,轻音少女,佐藤聪美,https://pic1.imgdb.cn/item/673b3c52d29ded1a8cb70e5b.png,已晋级至预选赛,stellar,-,female
SF126,休比·多拉,NO GAME NO LIFE 游戏人生,茅野爱衣,https://pic1.imgdb.cn/item/677fbc71d0e0a243d4f2c8d3.png,已晋级至预选赛,stellar,-,female
SF127,时崎狂三,约会大作战,真田麻美,https://pic1.imgdb.cn/item/67395e40d29ded1a8c440b34.png,已晋级至预选赛,stellar,-,female
SF128,艾拉,可塑性记忆,雨宫天,https://pic1.imgdb.cn/item/673961bad29ded1a8c46ac2a.png,已晋级至预选赛,stellar,-,female
SF129,千反田爱瑠,冰菓,佐藤聪美,https://pic1.imgdb.cn/item/678b5cd0d0e0a243d4f5699f.png,已晋级至预选赛,stellar,-,female
SM001,桐谷和人,刀剑神域,松冈祯丞,,已晋级至预选赛,stellar,-,male
SM002,里克·多拉,NO GAME NO LIFE 游戏人生,松冈祯丞,,已晋级至预选赛,stellar,-,male
SM003,乙坂有宇,Charlotte,内山昂辉,,已晋级至预选赛,stellar,-,male
SM004,立花泷,你的名字。,神木隆之介,,已晋级至预选赛,stellar,-,male
SM005,利威尔,进击的巨人,神谷浩史,,已晋级至预选赛,stellar,-,male
SM006,辛耶·诺赞,86 -不存在的战区-,千叶翔也,,已晋级至预选赛,stellar,-,male
SM007,宫村伊澄,堀与宫村,内山昂辉,,已晋级至预选赛,stellar,-,male
SM008,大路饼藏,玉子市场,田丸笃志,,已晋级至预选赛,stellar,-,male
SM009,夏目贵志,夏目友人帐,神谷浩史,,已晋级至预选赛,stellar,-,male
SM010,上条当麻,魔法禁书目录,阿部敦,,已晋级至预选赛,stellar,-,male
SM011,卫宫士郎,Fate系列,杉山纪彰,,已晋级至预选赛,stellar,-,male
SM012,冈崎朋也,CLANNAD,中村悠一,,已晋级至预选赛,stellar,-,male
SM013,鲁路修·兰佩洛基,Code Geass,福山润,,已晋级至预选赛,stellar,-,male
SM014,菜月昴,Re:从零开始的异世界生活,小林裕介,,已晋级至预选赛,stellar,-,male
SM015,宇智波佐助,火影忍者,杉山纪彰,,已晋级至预选赛,stellar,-,male
SM016,网代慎平,夏日重现,花江夏树,,已晋级至预选赛,stellar,-,male
SM017,佐藤和真,为美好的世界献上祝福！,福岛润,,已晋级至预选赛,stellar,-,male
SM018,L Lawliet,死亡笔记,山口胜平,,已晋级至预选赛,stellar,-,male
SM019,劳埃德·福杰,间谍过家家,江口拓也,,已晋级至预选赛,stellar,-,male
SM020,石上优,辉夜大小姐想让我告白～天才们的恋爱头脑战～,铃木崚汰,,已晋级至预选赛,stellar,-,male
SM021,辛美尔,葬送的芙莉莲,冈本信彦,,已晋级至预选赛,stellar,-,male
SM022,休塔尔克,葬送的芙莉莲,小林千晃,,已晋级至预选赛,stellar,-,male
SM023,旗木卡卡西,火影忍者,井上和彦,,已晋级至预选赛,stellar,-,male
SM024,野原新之助,蜡笔小新,小林由美子,,已晋级至预选赛,stellar,-,male
SM025,服部平次,名侦探柯南,堀川亮,,已晋级至预选赛,stellar,-,male
SM026,艾尔文·史密斯,进击的巨人,小野大辅,,已晋级至预选赛,stellar,-,male
SM027,时透无一郎,鬼灭之刃,河西健吾,,已晋级至预选赛,stellar,-,male
SM028,上杉风太郎,五等分的新娘,松冈祯丞,,已晋级至预选赛,stellar,-,male
SM029,灵幻新隆,路人超能100,樱井孝宏,,已晋级至预选赛,stellar,-,male
SM030,格斯,剑风传奇,岩永洋昭,,已晋级至预选赛,stellar,-,male
SM031,的场静司,夏目友人帐,诹访部顺一,,已晋级至预选赛,stellar,-,male
SM032,蓝染惣右介,BLEACH,速水奖,,已晋级至预选赛,stellar,-,male
SM033,斯派克·斯皮格尔,星际牛仔,山寺宏一,,已晋级至预选赛,stellar,-,male
SM034,伊藤诚,School Days,平川大辅,,已晋级至预选赛,stellar,-,male
SM035,五条新菜,更衣人偶坠入爱河,石毛翔弥,,已晋级至预选赛,stellar,-,male
SM036,影山飞雄,排球少年！！,石川界人,,已晋级至预选赛,stellar,-,male
SM037,天王寺瑚太朗,Rewrite,森田成一,,已晋级至预选赛,stellar,-,male
SM038,坂井悠二,灼眼的夏娜,日野聪,,已晋级至预选赛,stellar,-,male
SM039,我妻善逸,鬼灭之刃,下野纮,,已晋级至预选赛,stellar,-,male
SM040,黑,黑之契约者,木内秀信,,已晋级至预选赛,stellar,-,male
SM041,石田将也,声之形,入野自由,,已晋级至预选赛,stellar,-,male
SM042,波风水门,火影忍者,森川智之,,已晋级至预选赛,stellar,-,male
SM043,白血球(U-1146),工作细胞,前野智昭,,已晋级至预选赛,stellar,-,male
SM044,犬夜叉,犬夜叉,山口胜平,,已晋级至预选赛,stellar,-,male
SM045,卫宫切嗣,Fate系列,小山力也,,已晋级至预选赛,stellar,-,male
SM046,壬氏,药屋少女的呢喃,樱井孝宏,,已晋级至预选赛,stellar,-,male
SM047,麻中蓬,SSSS.DYNAZENON,榎木淳弥,,已晋级至预选赛,stellar,-,male
SM048,内卷昴,这个美术社大有问题！,小林裕介,,已晋级至预选赛,stellar,-,male
SM049,赤羽业,暗杀教室,冈本信彦,,已晋级至预选赛,stellar,-,male
SM050,绯村剑心,浪客剑心,齐藤壮马,,已晋级至预选赛,stellar,-,male
SM051,野比大雄,哆啦A梦,大原惠,,已晋级至预选赛,stellar,-,male
SM052,赤井秀一,名侦探柯南,池田秀一,,已晋级至预选赛,stellar,-,male
SM053,百夜米迦尔,终结的炽天使,小野贤章,,已晋级至预选赛,stellar,-,male
SM054,富冈义勇,鬼灭之刃,樱井孝宏,,已晋级至预选赛,stellar,-,male
SM055,木下秀吉,笨蛋、测验、召唤兽,加藤英美里,,已晋级至预选赛,stellar,-,male
SM056,石神千空,Dr.STONE 石纪元,小林裕介,,已晋级至预选赛,stellar,-,male
SM057,黑崎一护,BLEACH,森田成一,,已晋级至预选赛,stellar,-,male
SM058,孙悟空,龙珠,野泽雅子,,已晋级至预选赛,stellar,-,male
SM059,一条乐,伪恋,内山昂辉,,已晋级至预选赛,stellar,-,male
SM060,安室透,名侦探柯南,古谷彻,,已晋级至预选赛,stellar,-,male
SM061,名取周一,夏目友人帐,石田彰,,已晋级至预选赛,stellar,-,male
SM062,罗罗亚·索隆,海贼王,中井和哉,,已晋级至预选赛,stellar,-,male
SM063,杀生丸,犬夜叉,成田剑,,已晋级至预选赛,stellar,-,male
SM064,爱城恋太郎,超超超超超喜欢你的100个女朋友,加藤涉,,已晋级至预选赛,stellar,-,male
SM065,北原伊织,碧蓝之海,内田雄马,,已晋级至预选赛,stellar,-,male
SM066,泉新一,寄生兽,岛崎信长,,已晋级至预选赛,stellar,-,male
SM067,枣恭介,Little Busters!,绿川光,,已晋级至预选赛,stellar,-,male
SM068,渚薰,新世纪福音战士,石田彰,,已晋级至预选赛,stellar,-,male
SM069,宇智波鼬,火影忍者,石川英郎,,已晋级至预选赛,stellar,-,male
SM070,齐木楠雄,齐木楠雄的灾难,神谷浩史,,已晋级至预选赛,stellar,-,male
SM071,劳伦斯,白圣女与黑牧师,石川界人,,已晋级至预选赛,stellar,-,male
SM072,国崎往人,AIR,小野大辅,,已晋级至预选赛,stellar,-,male
SM073,蒙奇·D·路飞,海贼王,田中真弓,,已晋级至预选赛,stellar,-,male
SM074,小智,宝可梦,松本梨香,,已晋级至预选赛,stellar,-,male
SM075,漩涡鸣人,火影忍者,竹内顺子,,已晋级至预选赛,stellar,-,male
SM076,神原秋人,境界的彼方,KENN,,已晋级至预选赛,stellar,-,male
SM077,安艺伦也,路人女主的养成方法,松冈祯丞,,已晋级至预选赛,stellar,-,male
SM078,潮田渚,暗杀教室,渊上舞,,已晋级至预选赛,stellar,-,male
SM079,日向翔阳,排球少年！！,村濑步,,已晋级至预选赛,stellar,-,male
SM080,安昙小太郎,月色真美,千叶翔也,,已晋级至预选赛,stellar,-,male
SM081,李小狼,魔卡少女樱,熊井统子,,已晋级至预选赛,stellar,-,male
SM082,可儿江西也,甘城光辉游乐园,内山昂辉,,已晋级至预选赛,stellar,-,male
SM083,夜斗,野良神,神谷浩史,,已晋级至预选赛,stellar,-,male
SM084,塔兹米,斩·赤红之瞳！,齐藤壮马,,已晋级至预选赛,stellar,-,male
SM085,坂田银时,银魂,杉田智和,,已晋级至预选赛,stellar,-,male
SM086,灶门炭治郎,鬼灭之刃,花江夏树,,已晋级至预选赛,stellar,-,male
SM087,威廉·克梅修,末日时在做什么？有没有空？可以来拯救吗？,新井良平,,已晋级至预选赛,stellar,-,male
SM088,卫宫,Fate系列,诹访部顺一,,已晋级至预选赛,stellar,-,male
SM089,席德·卡盖诺,想要成为影之实力者！,山下诚一郎,,已晋级至预选赛,stellar,-,male
SM090,吉尔伽美什,Fate系列,关智一,,已晋级至预选赛,stellar,-,male
SM091,艾泽,葬送的芙莉莲,上田燿司,,已晋级至预选赛,stellar,-,male
SM092,樱满集,罪恶王冠,梶裕贵,,已晋级至预选赛,stellar,-,male
SM093,户冢彩加,我的青春恋爱物语果然有问题。,小松未可子,,已晋级至预选赛,stellar,-,male
SM094,空条承太郎,JoJo的奇妙冒险,小野大辅,,已晋级至预选赛,stellar,-,male
SM095,和泉正宗,埃罗芒阿老师,松冈祯丞,,已晋级至预选赛,stellar,-,male
SM096,海塔,葬送的芙莉莲,东地宏树,,已晋级至预选赛,stellar,-,male
SM097,野崎梅太郎,月刊少女野崎君,中村悠一,,已晋级至预选赛,stellar,-,male
SM098,五条悟,咒术回战,中村悠一,,已晋级至预选赛,stellar,-,male
SM099,广,Darling in the FranXX,上村祐翔,,已晋级至预选赛,stellar,-,male
SM100,市川京太郎,我心里危险的东西,堀江瞬,,已晋级至预选赛,stellar,-,male
SM101,鲁迪乌斯·格雷拉特,无职转生,内山夕实,,已晋级至预选赛,stellar,-,male
SM102,太宰治,文豪野犬,宫野真守,,已晋级至预选赛,stellar,-,male
SM103,森岛帆高,天气之子,醍醐虎汰朗,,已晋级至预选赛,stellar,-,male
SM104,金木研,东京食尸鬼,花江夏树,,已晋级至预选赛,stellar,-,male
SM105,阿良良木历,物语系列,神谷浩史,,已晋级至预选赛,stellar,-,male
SM106,艾伦·耶格尔,进击的巨人,梶裕贵,,已晋级至预选赛,stellar,-,male
SM107,赤坂龙之介,樱花庄的宠物女孩,堀江由衣,,已晋级至预选赛,stellar,-,male
SM108,春日野悠,缘之空,下野纮,,已晋级至预选赛,stellar,-,male
SM109,夜神月,死亡笔记,宫野真守,,已晋级至预选赛,stellar,-,male
SM110,西片,擅长捉弄的高木同学,梶裕贵,,已晋级至预选赛,stellar,-,male
SM111,高须龙儿,龙与虎,间岛淳司,,已晋级至预选赛,stellar,-,male
SM112,由崎星空,总之就是非常可爱,榎木淳弥,,已晋级至预选赛,stellar,-,male
SM113,阿虚,凉宫春日的忧郁,杉田智和,,已晋级至预选赛,stellar,-,male
SM114,黑羽快斗,魔术快斗,山口胜平,,已晋级至预选赛,stellar,-,male
SM115,绫小路清隆,欢迎来到实力至上主义的教室,千叶翔也,,已晋级至预选赛,stellar,-,male
SM116,藤宫周,关于我在无意间被隔壁的天使变成废柴这件事,坂泰斗,,已晋级至预选赛,stellar,-,male
SM117,五河士道,约会大作战,岛崎信长,,已晋级至预选赛,stellar,-,male
SM118,神田空太,樱花庄的宠物女孩,松冈祯丞,,已晋级至预选赛,stellar,-,male
SM119,江户川柯南,名侦探柯南,高山南,,已晋级至预选赛,stellar,-,male
SM120,赛欧特·利迦,86 -不存在的战区-,藤原夏海,,已晋级至预选赛,stellar,-,male
SM121,星野爱久爱海,【我推的孩子】,大冢刚央,,已晋级至预选赛,stellar,-,male
SM122,冈部伦太郎,命运石之门,宫野真守,,已晋级至预选赛,stellar,-,male
SM123,福部里志,冰菓,阪口大助,,已晋级至预选赛,stellar,-,male
SM124,音无结弦,Angel Beats!,神谷浩史,,已晋级至预选赛,stellar,-,male
SM125,一方通行,魔法禁书目录,冈本信彦,,已晋级至预选赛,stellar,-,male
SM126,水柿司,可塑性记忆,内匠靖明,,已晋级至预选赛,stellar,-,male
SM127,有马公生,四月是你的谎言,花江夏树,,已晋级至预选赛,stellar,-,male
SM128,基尔伯特·布甘比利亚,紫罗兰永恒花园,浪川大辅,,已晋级至预选赛,stellar,-,male
SM129,冢本秀一,吹响！上低音号,石谷春贵,,已晋级至预选赛,stellar,-,male
ESF001,本间芽衣子,我们仍未知道那天所看见的花的名字。,茅野爱衣,https://pic1.imgdb.cn/item/677fbdafd0e0a243d4f2c954.png,未晋级,stellar,-,female
ESF002,夜刀神十香,约会大作战,井上麻里奈,https://pic1.imgdb.cn/item/67413926d29ded1a8c824556.png,未晋级,stellar,-,female
ESF003,七海千秋,弹丸论破,花泽香菜,,未晋级,stellar,-,female
ESF004,朝雾史织,玉子市场,山下百合惠,,未晋级,stellar,-,female
ESF005,椎名真由理,命运石之门,花泽香菜,https://pic1.imgdb.cn/item/677fc2d2d0e0a243d4f2ca4e.png,未晋级,stellar,-,female
ESF006,三笠·阿克曼,进击的巨人,石川由依,https://pic1.imgdb.cn/item/6740434dd29ded1a8ccc22c7.png,未晋级,stellar,-,female
ESF007,常盘绿,玉子市场,金子有希,,未晋级,stellar,-,female
ESF008,水野茜,月色真美,小原好美,,未晋级,stellar,-,female
ESF009,花城杏子,通往夏天的隧道，再见的出口,饭丰万理江,,未晋级,stellar,-,female
ESF010,米浴,赛马娘 Pretty Derby,石见舞菜香,,未晋级,stellar,-,female
ESF011,柊镜,幸运☆星,加藤英美里,,未晋级,stellar,-,female
ESF012,阿库娅,为美好的世界献上祝福！,雨宫天,https://pic1.imgdb.cn/item/674138f4d29ded1a8c82126e.png,未晋级,stellar,-,female
ESF013,冈崎汐,CLANNAD,兴梠里美,,未晋级,stellar,-,female
ESF014,土间埋,干物妹小埋,田中爱美,,未晋级,stellar,-,female
ESF015,田中明日香,吹响！上低音号,寿美菜子,,未晋级,stellar,-,female
ESF016,天真·珈百璃·怀特,珈百璃的堕落,富田美忧,,未晋级,stellar,-,female
ESF017,轻井泽惠,欢迎来到实力至上主义的教室,竹达彩奈,https://pic1.imgdb.cn/item/67413975d29ded1a8c828eb5.png,未晋级,stellar,-,female
ESF018,赤瞳,斩·赤红之瞳！,雨宫天,,未晋级,stellar,-,female
ESF019,中川夏纪,吹响！上低音号,藤村鼓乃美,,未晋级,stellar,-,female
ESF020,安原绘麻,白箱,佳村遥,,未晋级,stellar,-,female
ESF021,户山香澄,BanG Dream!,爱美,,未晋级,stellar,-,female
ESF022,七草荠,彻夜之歌,雨宫天,,未晋级,stellar,-,female
ESF023,木更,契约之吻,会泽纱弥,,未晋级,stellar,-,female
ESF024,食蜂操祈,魔法禁书目录,浅仓杏美,,未晋级,stellar,-,female
ESF025,小舟潮,夏日重现,永濑安奈,https://pic1.imgdb.cn/item/677fc515d0e0a243d4f2caa7.png,未晋级,stellar,-,female
ESF026,柊筱娅,终结的炽天使,早见沙织,,未晋级,stellar,-,female
ESF027,久保渚咲,久保同学不放过我,花泽香菜,,未晋级,stellar,-,female
ESF028,战场原黑仪,物语系列,斋藤千和,,未晋级,stellar,-,female
ESF029,朝田诗乃,刀剑神域,泽城美雪,,未晋级,stellar,-,female
ESF030,牧之原翔子,青春猪头少年,水濑祈,,未晋级,stellar,-,female
ESF031,安达樱,安达与岛村,鬼头明里,,未晋级,stellar,-,female
ESF032,伊地知星歌,孤独摇滚！,内田真礼,,未晋级,stellar,-,female
ESF033,宫内莲华,悠哉日常大王,小岩井小鸟,,未晋级,stellar,-,female
ESF034,早坂爱,辉夜大小姐想让我告白～天才们的恋爱头脑战～,花守由美里,https://pic1.imgdb.cn/item/674186ddd29ded1a8cd2cf88.png,未晋级,stellar,-,female
ESF035,伊莉雅丝菲尔·冯·爱因兹贝伦,Fate系列,门胁舞以,,未晋级,stellar,-,female
ESF036,赫萝,狼与香辛料,小清水亚美,,未晋级,stellar,-,female
ESF037,各务原抚子,摇曳露营△,花守由美里,,未晋级,stellar,-,female
ESF038,高坂丽奈,吹响！上低音号,安济知佳,,未晋级,stellar,-,female
ESF039,日代千鹤,ReLIFE,茅野爱衣,,未晋级,stellar,-,female
ESM001,江户川乱步,文豪野犬,神谷浩史,,未晋级,stellar,-,male
ESM002,绫崎飒,旋风管家,白石凉子,,未晋级,stellar,-,male
ESM003,影山茂夫,路人超能100,伊藤节生,,未晋级,stellar,-,male
ESM004,海崎新太,ReLIFE,小野贤章,,未晋级,stellar,-,male
ESM005,乔鲁诺·乔巴拿,JoJo的奇妙冒险,小野贤章,,未晋级,stellar,-,male
ESM006,杨威利,银河英雄传说,铃村健一,,未晋级,stellar,-,male
ESM007,狛枝凪斗,弹丸论破,绪方惠美,,未晋级,stellar,-,male
ESM008,伊理户水斗,继母的拖油瓶是我的前女友,下野纮,,未晋级,stellar,-,male
ESM009,莱因哈特·冯·罗严克拉姆,银河英雄传说,堀川亮,,未晋级,stellar,-,male
ESM010,哥布林猎人,哥布林猎人,梅原裕一郎,,未晋级,stellar,-,male
ESM011,夜守光,彻夜之歌,佐藤元,,未晋级,stellar,-,male
ESM012,樱川九郎,虚构推理,宫野真守,,未晋级,stellar,-,male
ESM013,中原中也,文豪野犬,谷山纪章,,未晋级,stellar,-,male
ESM014,库·丘林,Fate系列,神奈延年,,未晋级,stellar,-,male
ESM015,艾札克·佛斯特,杀戮的天使,冈本信彦,,未晋级,stellar,-,male
ESM016,尤吉欧,刀剑神域,岛崎信长,,未晋级,stellar,-,male
ESM017,直枝理树,Little Busters!,堀江由衣,,未晋级,stellar,-,male
ESM018,亚斯塔,黑色四叶草,梶原岳人,,未晋级,stellar,-,male
ESM019,火村夕,悠久之翼,远近孝一,,未晋级,stellar,-,male
ESM020,古河秋生,CLANNAD,置鲇龙太郎,,未晋级,stellar,-,male
ESM021,自来也,火影忍者,大冢芳忠,,未晋级,stellar,-,male
ESM022,鲁邦三世,鲁邦三世,栗田贯一,,未晋级,stellar,-,male
ESM023,迪奥·布兰度,JoJo的奇妙冒险,子安武人,,未晋级,stellar,-,male
ESM024,绪方修,契约之吻,齐藤壮马,,未晋级,stellar,-,male
ESM025,宇智波斑,火影忍者,内田直哉,,未晋级,stellar,-,male
ESM026,大卫·马丁内斯,赛博朋克 边缘行者,KENN,,未晋级,stellar,-,male
ESM027,宇智波带土,火影忍者,潘惠美,,未晋级,stellar,-,male
ESM028,九头龙八一,龙王的工作！,内田雄马,,未晋级,stellar,-,male
ESM029,碓冰拓海,会长是女仆大人！,冈本信彦,,未晋级,stellar,-,male
ESM030,乔瑟夫·乔斯达,JoJo的奇妙冒险,杉田智和,,未晋级,stellar,-,male
ESM031,炼狱杏寿郎,鬼灭之刃,日野聪,,未晋级,stellar,-,male
ESM032,雨宫莲,女神异闻录5,福山润,,未晋级,stellar,-,male
ESM033,柚木普,地缚少年花子君,绪方惠美,,未晋级,stellar,-,male
ESM034,王耀,黑塔利亚,甲斐田幸,,未晋级,stellar,-,male
ESM035,平贺才人,零之使魔,日野聪,,未晋级,stellar,-,male
ESM036,芥川龙之介,文豪野犬,小野贤章,,未晋级,stellar,-,male
ESM037,碇真嗣,新世纪福音战士,绪方惠美,,未晋级,stellar,-,male
ESM038,榊原恒一,Another,阿部敦,,未晋级,stellar,-,male
ESM039,高坂京介,我的妹妹哪有这么可爱！,中村悠一,,未晋级,stellar,-,male
ESM040,苗木诚,弹丸论破,绪方惠美,,未晋级,stellar,-,male
ESM041,奇犽·揍敌客,HUNTER×HUNTER,伊濑茉莉也,,未晋级,stellar,-,male
ESM042,司波达也,魔法科高中的劣等生,中村悠一,,未晋级,stellar,-,male
ESM043,安兹·乌尔·恭,OVERLORD,日野聪,,未晋级,stellar,-,male
NFW001,柊舞缇娜,憧憬成为魔法少女,和泉风花,,已晋级至冬季赛预选赛,nova,winter,female
NFW002,玛露西尔,迷宫饭,千本木彩花,,已晋级至冬季赛预选赛,nova,winter,female
NFW003,阿良河基维,憧憬成为魔法少女,古贺葵,,已晋级至冬季赛预选赛,nova,winter,female
NFW004,糸濑雪,指尖相触，恋恋不舍,诸星堇,,已晋级至冬季赛预选赛,nova,winter,female
NFW005,莉雪·伊路姆加德·维尔兹纳,轮回七次的恶役千金，在前敌国享受随心所欲的新婚生活,长谷川育美,,已晋级至冬季赛预选赛,nova,winter,female
NFW006,天音莉莉,愚蠢天使与恶魔共舞,佐仓绫音,,已晋级至冬季赛预选赛,nova,winter,female
NFW007,一之濑帆波,欢迎来到实力至上主义的教室,东山奈央,,已晋级至冬季赛预选赛,nova,winter,female
NFW008,公主,公主大人，接下来是“拷问”时间,白石晴香,,已晋级至冬季赛预选赛,nova,winter,female
NFW009,尤贝尔,葬送的芙莉莲,长谷川育美,,已晋级至冬季赛预选赛,nova,winter,female
NFW010,羽前京香,魔都精兵的奴隶,鬼头明里,,已晋级至冬季赛预选赛,nova,winter,female
NFW011,艾维,最弱的驯养师开启的捡垃圾的旅途。,铃木爱奈,,已晋级至冬季赛预选赛,nova,winter,female
NFW012,冬木美波,北海道辣妹贼拉可爱,佐仓绫音,,已晋级至冬季赛预选赛,nova,winter,female
NFW013,露琼·雷德斯塔,金属口红,宫本侑芽,,已晋级至冬季赛预选赛,nova,winter,female
NFW014,椎名日和,欢迎来到实力至上主义的教室,高桥李依,,已晋级至冬季赛预选赛,nova,winter,female
NFW015,邻居妹妹,佐佐木与文鸟小哔,鬼头明里,,已晋级至冬季赛预选赛,nova,winter,female
NFW016,菊池风香,弱势角色友崎君,茅野爱衣,,已晋级至冬季赛预选赛,nova,winter,female
NFW017,尤蜜拉·多克尼斯,反派千金等级99～我是隐藏头目但不是魔王～,菲鲁兹·蓝,,已晋级至冬季赛预选赛,nova,winter,female
NFW018,关根萌子,我心里危险的东西,潘惠美,,已晋级至冬季赛预选赛,nova,winter,female
NFW019,向坂雫,我独自升级,上田丽奈,,已晋级至冬季赛预选赛,nova,winter,female
NFW020,露缇,因为不是真正的伙伴而被逐出勇者队伍，流落到边境展开慢活人生,大空直美,,已晋级至冬季赛预选赛,nova,winter,female
NFW021,犬饲小麦,美妙宠物 光之美少女！,长绳麻理亚,,已晋级至冬季赛预选赛,nova,winter,female
NFW022,拉姆,福星小子,上坂堇,,已晋级至冬季赛预选赛,nova,winter,female
NFW023,澪,月光下的异世界之旅,鬼头明里,,已晋级至冬季赛预选赛,nova,winter,female
NFW024,雷蒙·厄文,物理魔法使马修,上田丽奈,,已晋级至冬季赛预选赛,nova,winter,female
NFW025,玉,战国妖狐,高田忧希,,已晋级至冬季赛预选赛,nova,winter,female
NFW026,克莉丝朵·诺巴提·诺卡那堤卡,婚戒物语,鬼头明里,,已晋级至冬季赛预选赛,nova,winter,female
ENFW001,花菱春香,憧憬成为魔法少女,前田佳织里,,未晋级,nova,winter,female
ENFW002,水神小夜,憧憬成为魔法少女,风间万裕子,,未晋级,nova,winter,female
ENFW003,坂柳有栖,欢迎来到实力至上主义的教室,日高里菜,,未晋级,nova,winter,female
ENFW004,杜乃可莉丝,憧憬成为魔法少女,杉浦刊,,未晋级,nova,winter,female
ENFW005,赞泽,葬送的芙莉莲,照井春佳,,未晋级,nova,winter,female
ENFW006,法琳,迷宫饭,早见沙织,,未晋级,nova,winter,female
ENFW007,日南葵,弱势角色友崎君,金元寿子,,未晋级,nova,winter,female
ENFW008,七海深奈实,弱势角色友崎君,长谷川育美,,未晋级,nova,winter,female
ENFW009,秋野沙友理,北海道辣妹贼拉可爱,花守由美里,,未晋级,nova,winter,female
ENFW010,堀北铃音,欢迎来到实力至上主义的教室,鬼头明里,https://pic1.imgdb.cn/item/673e9378d29ded1a8c7d417b.png,未晋级,nova,winter,female
ENFW011,阿古屋真珠,憧憬成为魔法少女,相坂优歌,,未晋级,nova,winter,female
NMW001,莱欧斯,迷宫饭,熊谷健太郎,,已晋级至冬季赛预选赛,nova,winter,male
NMW002,水篠旬,我独自升级,坂泰斗,,已晋级至冬季赛预选赛,nova,winter,male
NMW003,马修·班迪德,物理魔法使马修,小林千晃,,已晋级至冬季赛预选赛,nova,winter,male
NMW004,阿诺德·海因,轮回七次的恶役千金，在前敌国享受随心所欲的新婚生活,岛崎信长,,已晋级至冬季赛预选赛,nova,winter,male
NMW005,阿久津雅虎,愚蠢天使与恶魔共舞,内田雄马,,已晋级至冬季赛预选赛,nova,winter,male
NMW006,友崎文也,弱势角色友崎君,佐藤元,,已晋级至冬季赛预选赛,nova,winter,male
NMW007,波岐逸臣,指尖相触，恋恋不舍,宫崎游,,已晋级至冬季赛预选赛,nova,winter,male
NMW008,佐佐木,佐佐木与文鸟小哔,杉田智和,,已晋级至冬季赛预选赛,nova,winter,male
NMW009,齐尔查克,迷宫饭,泊明日菜,,已晋级至冬季赛预选赛,nova,winter,male
NMW010,兔里健,治愈魔法的错误使用法～奔赴战场的回复要员～,坂田将吾,,已晋级至冬季赛预选赛,nova,winter,male
NMW011,山户迅火,战国妖狐,齐藤壮马,,已晋级至冬季赛预选赛,nova,winter,male
NMW012,兰托,葬送的芙莉莲,小松昌平,,已晋级至冬季赛预选赛,nova,winter,male
NMW013,嬴政,王者天下,福山润,,已晋级至冬季赛预选赛,nova,winter,male
NMW014,坏人先生,休假日的坏人先生,浅沼晋太郎,,已晋级至冬季赛预选赛,nova,winter,male
NMW015,四季翼,北海道辣妹贼拉可爱,岛崎信长,,已晋级至冬季赛预选赛,nova,winter,male
NMW016,和仓优希,魔都精兵的奴隶,广濑裕也,,已晋级至冬季赛预选赛,nova,winter,male
NMW017,高远夜雾,秒杀外挂太强了，异世界的家伙们根本就不是对手。,内山昂辉,,已晋级至冬季赛预选赛,nova,winter,male
NMW018,深澄真,月光下的异世界之旅,花江夏树,,已晋级至冬季赛预选赛,nova,winter,male
NMW019,安迪,不死不幸,中村悠一,,已晋级至冬季赛预选赛,nova,winter,male
NMW020,路易斯·史密斯,勇气爆发BANG BRAVERN,阿座上洋平,,已晋级至冬季赛预选赛,nova,winter,male
NMW021,雷特·费纳,事与愿违的不死冒险者,铃木崚汰,,已晋级至冬季赛预选赛,nova,winter,male
NMW022,派翠克·阿修巴顿,反派千金等级99～我是隐藏头目但不是魔王～,内田雄马,,已晋级至冬季赛预选赛,nova,winter,male
NMW023,柳之剑宗次朗,异修罗,梶裕贵,,已晋级至冬季赛预选赛,nova,winter,male
NMW024,雷德,因为不是真正的伙伴而被逐出勇者队伍，流落到边境展开慢活人生,铃木崚汰,,已晋级至冬季赛预选赛,nova,winter,male
ENMW001,兵头真介,战国妖狐,木村良平,,未晋级,nova,winter,male
NFSP001,井芹仁菜,GIRLS BAND CRY,理名,,已晋级至春季赛预选赛,nova,spring,female
NFSP002,安和昴,GIRLS BAND CRY,美怜,,已晋级至春季赛预选赛,nova,spring,female
NFSP003,河原木桃香,GIRLS BAND CRY,夕莉,,已晋级至春季赛预选赛,nova,spring,female
NFSP004,光月真昼,夜晚的水母不会游泳,伊藤美来,,已晋级至春季赛预选赛,nova,spring,female
NFSP005,山之内花音,夜晚的水母不会游泳,高桥李依,,已晋级至春季赛预选赛,nova,spring,female
NFSP006,木野日鞠,恋语轻唱,岛野花,,已晋级至春季赛预选赛,nova,spring,female
NFSP007,朝凪依,恋语轻唱,濑户麻沙美,,已晋级至春季赛预选赛,nova,spring,female
NFSP008,泉志帆,恋语轻唱,根本优奈,,已晋级至春季赛预选赛,nova,spring,female
NFSP009,芬里丝,从Lv2开始开外挂的前勇者候补过着悠哉异世界生活,钉宫理惠,,已晋级至春季赛预选赛,nova,spring,female
NFSP010,上原步梦,LoveLive!系列,大西亚玖璃,,已晋级至春季赛预选赛,nova,spring,female
NFSP011,赫萝,狼与香辛料,小清水亚美,,已晋级至春季赛预选赛,nova,spring,female
NFSP012,钟岚珠,LoveLive!系列,法元明菜,,已晋级至春季赛预选赛,nova,spring,female
NFSP013,莎拉·达·奥丁,怪人的沙拉碗,矢野妃菜喜,,已晋级至春季赛预选赛,nova,spring,female
NFSP014,夜樱六美,夜樱家的大作战,本渡枫,,已晋级至春季赛预选赛,nova,spring,female
NFSP015,渡边千佳,声优广播的幕前幕后,丰田萌绘,,已晋级至春季赛预选赛,nova,spring,female
NFSP016,志摩凛,摇曳露营△,东山奈央,,已晋级至春季赛预选赛,nova,spring,female
NFSP017,斋藤依音,老夫老妻重返青春,能登麻美子,,已晋级至春季赛预选赛,nova,spring,female
NFSP018,小鸟游星野,蔚蓝档案,花守由美里,,已晋级至春季赛预选赛,nova,spring,female
NFSP019,飞羽,单人房、日照一般、附天使。,远野光,,已晋级至春季赛预选赛,nova,spring,female
NFSP020,中川夏纪,吹响！上低音号,藤村鼓乃美,,已晋级至春季赛预选赛,nova,spring,female
NFSP021,阿库娅,为美好的世界献上祝福！,雨宫天,https://pic1.imgdb.cn/item/674138f4d29ded1a8c82126e.png,已晋级至春季赛预选赛,nova,spring,female
NFSP022,崇宫澪,约会大作战,远藤绫,,已晋级至春季赛预选赛,nova,spring,female
NFSP023,东云晶,末班列车去哪里？,木野日菜,,已晋级至春季赛预选赛,nova,spring,female
NFSP024,千仓静留,末班列车去哪里？,安济知佳,,已晋级至春季赛预选赛,nova,spring,female
NFSP025,涅菲莉亚,身为魔王的我娶了奴隶精灵为妻，该如何表白我的爱？,市之濑加那,,已晋级至春季赛预选赛,nova,spring,female
NFSP026,佐藤由美子,声优广播的幕前幕后,伊藤美来,,已晋级至春季赛预选赛,nova,spring,female
NFSP027,砂狼白子,蔚蓝档案,小仓唯,,已晋级至春季赛预选赛,nova,spring,female
NFSP028,爱丽丝,为美好的世界献上祝福！,高尾奏音,,已晋级至春季赛预选赛,nova,spring,female
NFSP029,黑江真由,吹响！上低音号,户松遥,,已晋级至春季赛预选赛,nova,spring,female
NFSP030,各务原抚子,摇曳露营△,花守由美里,,已晋级至春季赛预选赛,nova,spring,female
ENFSP001,中须霞,LoveLive!系列,相良茉优,,未晋级,nova,spring,female
ENFSP002,海老冢智,GIRLS BAND CRY,凪都,,未晋级,nova,spring,female
NMSP001,夏尔·凡多姆海恩,黑执事,坂本真绫,,已晋级至春季赛预选赛,nova,spring,male
NMSP002,塞巴斯蒂安·米卡利斯,黑执事,小野大辅,,已晋级至春季赛预选赛,nova,spring,male
NMSP003,费里欧,从Lv2开始开外挂的前勇者候补过着悠哉异世界生活,日野聪,,已晋级至春季赛预选赛,nova,spring,male
NMSP004,克拉福·罗伦斯,狼与香辛料,福山润,,已晋级至春季赛预选赛,nova,spring,male
NMSP005,斋藤正藏,老夫老妻重返青春,三木真一郎,,已晋级至春季赛预选赛,nova,spring,male
NMSP006,朝野太阳,夜樱家的大作战,川岛零士,,已晋级至春季赛预选赛,nova,spring,male
NMSP007,洛伊德·迪·沙鲁姆,转生七王子的魔法全解,小市真琴,,已晋级至春季赛预选赛,nova,spring,male
NMSP008,清峰叶流火,失忆投捕,增田俊树,,已晋级至春季赛预选赛,nova,spring,male
NMSP009,要圭,失忆投捕,宫野真守,,已晋级至春季赛预选赛,nova,spring,male
NMSP010,老师,蔚蓝档案,坂田将吾,,已晋级至春季赛预选赛,nova,spring,male
NMSP011,镝矢惣助,怪人的沙拉碗,古川慎,,已晋级至春季赛预选赛,nova,spring,male
NMSP012,斋藤治,雀魂麻将,安元洋贵,,已晋级至春季赛预选赛,nova,spring,male
NMSP013,樱遥,WIND BREAKER 防风铃,内田雄马,,已晋级至春季赛预选赛,nova,spring,male
NMSP014,少爷,死神少爷与黑女仆,花江夏树,,已晋级至春季赛预选赛,nova,spring,male
NMSP015,日比野卡夫卡,怪兽8号,福西胜也,,已晋级至春季赛预选赛,nova,spring,male
NMSP016,萨冈,身为魔王的我娶了奴隶精灵为妻，该如何表白我的爱？,小林裕介,,已晋级至春季赛预选赛,nova,spring,male
NMSP017,斐伊·提欧·菲尔斯,渴求游戏之神,岛崎信长,,已晋级至春季赛预选赛,nova,spring,male
NMSP018,保罗·格雷拉特,无职转生,森川智之,,已晋级至春季赛预选赛,nova,spring,male
NMSP019,阿诺斯·波鲁迪戈乌多,魔王学院的不适任者,梅原裕一郎,,已晋级至春季赛预选赛,nova,spring,male
NMSP020,花野井飒生,花野井同学和相思病,小林千晃,,已晋级至春季赛预选赛,nova,spring,male
NMSP021,奥斯卡,Unnamed Memory,中岛良树,,已晋级至春季赛预选赛,nova,spring,male
NMSP022,佐佐仓溜,调酒师,寺岛拓笃,,已晋级至春季赛预选赛,nova,spring,male
NMSP023,嘴平伊之助,鬼灭之刃,松冈祯丞,,已晋级至春季赛预选赛,nova,spring,male
NMSP024,司波达也,魔法科高中的劣等生,中村悠一,,已晋级至春季赛预选赛,nova,spring,male
ENMSP001,千早瞬平,失忆投捕,岛崎信长,,未晋级,nova,spring,male
NFSU001,八奈见杏菜,败犬女主太多了！,远野光,,已晋级至夏季赛预选赛,nova,summer,female
NFSU002,亚托莉,ATRI -My Dear Moments-,赤尾光,,已晋级至夏季赛预选赛,nova,summer,female
NFSU003,绫濑沙季,义妹生活,中岛由贵,,已晋级至夏季赛预选赛,nova,summer,female
NFSU004,小鞠知花,败犬女主太多了！,寺泽百花,,已晋级至夏季赛预选赛,nova,summer,female
NFSU005,玛利亚·米哈伊罗夫纳·九条,不时轻声地以俄语遮羞的邻座艾莉同学,藤井幸代,,已晋级至夏季赛预选赛,nova,summer,female
NFSU006,七仓凛,疑似后宫,早见沙织,,已晋级至夏季赛预选赛,nova,summer,female
NFSU007,周防有希,不时轻声地以俄语遮羞的邻座艾莉同学,丸冈和佳奈,,已晋级至夏季赛预选赛,nova,summer,female
NFSU008,艾莉莎·米哈伊罗夫纳·九条,不时轻声地以俄语遮羞的邻座艾莉同学,上坂堇,,已晋级至夏季赛预选赛,nova,summer,female
NFSU009,神白水菜萌,ATRI -My Dear Moments-,高桥未奈美,,已晋级至夏季赛预选赛,nova,summer,female
NFSU010,鹿乃子乃子,鹿乃子乃子乃子虎视眈眈,潘惠美,,已晋级至夏季赛预选赛,nova,summer,female
NFSU011,虎视虎子,鹿乃子乃子乃子虎视眈眈,藤田咲,,已晋级至夏季赛预选赛,nova,summer,female
NFSU012,小佐内由纪,小市民系列,羊宫妃那,,已晋级至夏季赛预选赛,nova,summer,female
NFSU013,橘美花莉,2.5次元的诱惑,鬼头明里,,已晋级至夏季赛预选赛,nova,summer,female
NFSU014,读卖栞,义妹生活,铃木实里,,已晋级至夏季赛预选赛,nova,summer,female
NFSU015,苍井咲,前辈是男孩子,关根明良,,已晋级至夏季赛预选赛,nova,summer,female
NFSU016,深森白夜,魔法少女与邪恶曾经敌对。,中原麻衣,,已晋级至夏季赛预选赛,nova,summer,female
NFSU017,藤野步,蓦然回首,河合优实,,已晋级至夏季赛预选赛,nova,summer,female
NFSU018,心音淡雪,身为VTuber的我因为忘记关台而成了传说,佐仓绫音,,已晋级至夏季赛预选赛,nova,summer,female
NFSU019,园上真咲,深夜Punch,长谷川育美,,已晋级至夏季赛预选赛,nova,summer,female
NFSU020,雫,擅长逃跑的殿下,高木遥香,,已晋级至夏季赛预选赛,nova,summer,female
NFSU021,柯蕾特·卢瓦尔,杖与剑的魔剑谭,天野聪美,,已晋级至夏季赛预选赛,nova,summer,female
NFSU022,忍野忍,物语系列,坂本真绫,,已晋级至夏季赛预选赛,nova,summer,female
NFSU023,哈莉·奎茵,异世界自杀小队,永濑安奈,,已晋级至夏季赛预选赛,nova,summer,female
NFSU024,贝尔,地下城里的人们,铃代纱弓,,已晋级至夏季赛预选赛,nova,summer,female
NFSU025,美空彼方,亦叶亦花,中川梨花,,已晋级至夏季赛预选赛,nova,summer,female
NFSU026,MEM啾,【我推的孩子】,大久保瑠美,,已晋级至夏季赛预选赛,nova,summer,female
ENFSU001,温水佳树,败犬女主太多了！,田中美海,,未晋级,nova,summer,female
ENFSU002,天乃莉莉纱,2.5次元的诱惑,前田佳织里,,未晋级,nova,summer,female
ENFSU003,京本,蓦然回首,吉田美月喜,,未晋级,nova,summer,female
ENFSU004,烧盐柠檬,败犬女主太多了！,若山诗音,,未晋级,nova,summer,female
ENFSU005,马剃天爱星,败犬女主太多了！,诸星堇,,未晋级,nova,summer,female
ENFSU006,虎视馅子,鹿乃子乃子乃子虎视眈眈,田边留依,,未晋级,nova,summer,female
NMSU001,温水和彦,败犬女主太多了！,梅田修一朗,,已晋级至夏季赛预选赛,nova,summer,male
NMSU002,浅村悠太,义妹生活,天崎滉平,,已晋级至夏季赛预选赛,nova,summer,male
NMSU003,斑鸠夏生,ATRI -My Dear Moments-,小野贤章,,已晋级至夏季赛预选赛,nova,summer,male
NMSU004,北条时行,擅长逃跑的殿下,结川朝希,,已晋级至夏季赛预选赛,nova,summer,male
NMSU005,久世政近,不时轻声地以俄语遮羞的邻座艾莉同学,天崎滉平,,已晋级至夏季赛预选赛,nova,summer,male
NMSU006,花冈真琴,前辈是男孩子,梅田修一朗,,已晋级至夏季赛预选赛,nova,summer,male
NMSU007,小鸠常悟朗,小市民系列,梅田修一朗,,已晋级至夏季赛预选赛,nova,summer,male
NMSU008,北滨瑛二,疑似后宫,冈本信彦,,已晋级至夏季赛预选赛,nova,summer,male
NMSU009,大我龙二,前辈是男孩子,内田雄马,,已晋级至夏季赛预选赛,nova,summer,male
NMSU010,瑞克·桑切斯,瑞克和莫蒂,多田野曜平,,已晋级至夏季赛预选赛,nova,summer,male
NMSU011,米拉,魔法少女与邪恶曾经敌对。,小野友树,,已晋级至夏季赛预选赛,nova,summer,male
NMSU012,奥村正宗,2.5次元的诱惑,榎木淳弥,,已晋级至夏季赛预选赛,nova,summer,male
NMSU013,威尔·赛尔佛特,杖与剑的魔剑谭,天崎滉平,,已晋级至夏季赛预选赛,nova,summer,male
NMSU014,传奇终结究极炸弹,哎咕岛消失的舔甜歌姬,江口拓也,,已晋级至夏季赛预选赛,nova,summer,male
NMSU015,莫蒂·史密斯,瑞克和莫蒂,千叶启介,,已晋级至夏季赛预选赛,nova,summer,male
NMSU016,风早翔太,好想告诉你,三浦春马,,已晋级至夏季赛预选赛,nova,summer,male
NMSU017,凯伊·沙克拉·班特,为何我的世界被遗忘了？,千叶翔也,,已晋级至夏季赛预选赛,nova,summer,male
NMSU018,小丑,异世界自杀小队,梅原裕一郎,,已晋级至夏季赛预选赛,nova,summer,male
NMSU019,姬川大辉,【我推的孩子】,内山昂辉,,已晋级至夏季赛预选赛,nova,summer,male
NMSU020,白崎纯,双生恋情密不可分,坂田将吾,,已晋级至夏季赛预选赛,nova,summer,male
NMSU021,吉奥尔多·斯提亚特,转生成为了只有乙女游戏破灭Flag的邪恶大小姐,苍井翔太,,已晋级至夏季赛预选赛,nova,summer,male
NMSU022,小杉拓马,我的妻子没有感情,丰永利行,,已晋级至夏季赛预选赛,nova,summer,male
NMSU023,大友寿,黄昏光影,内田雄马,,已晋级至夏季赛预选赛,nova,summer,male
NMSU024,兰贾德,地下城里的人们,楠见尚己,,已晋级至夏季赛预选赛,nova,summer,male
NMSU025,第二十五夜,神之塔,市川太一,,已晋级至夏季赛预选赛,nova,summer,male
NMSU026,昆·阿圭罗·阿尼亚斯,神之塔,冈本信彦,,已晋级至夏季赛预选赛,nova,summer,male
NMSU027,纳兹·多拉格尼尔,妖精的尾巴,柿原彻也,,已晋级至夏季赛预选赛,nova,summer,male
NMSU028,冒失鬼八兵卫,哎咕岛消失的舔甜歌姬,齐藤壮马,,已晋级至夏季赛预选赛,nova,summer,male
NMSU029,诹访赖重,擅长逃跑的殿下,中村悠一,,已晋级至夏季赛预选赛,nova,summer,male
NMSU030,鸣岛梅尔特,【我推的孩子】,前田诚二,,已晋级至夏季赛预选赛,nova,summer,male
NMSU031,不速之客,哎咕岛消失的舔甜歌姬,西山宏太朗,,未晋级,nova,summer,male
NFA001,鹿野千夏,青之箱,上田丽奈,,已晋级至秋季赛预选赛,nova,autumn,female
NFA002,蝶野雏,青之箱,鬼头明里,,已晋级至秋季赛预选赛,nova,autumn,female
NFA003,绫濑桃,胆大党,若山诗音,,已晋级至秋季赛预选赛,nova,autumn,female
NFA004,夏目玲子,夏目友人帐,小林沙苗,,已晋级至秋季赛预选赛,nova,autumn,female
NFA005,多轨透,夏目友人帐,佐藤利奈,,已晋级至秋季赛预选赛,nova,autumn,female
NFA006,甘神夜重‌,缘结甘神家,上坂堇,,已晋级至秋季赛预选赛,nova,autumn,female
NFA007,涩谷香音,LoveLive!系列,伊达小百合,,已晋级至秋季赛预选赛,nova,autumn,female
NFA008,津岛善子,LoveLive!系列,小林爱香,,已晋级至秋季赛预选赛,nova,autumn,female
NFA009,噗妮露,噗妮露是可爱史莱姆,篠原侑,,已晋级至秋季赛预选赛,nova,autumn,female
NFA010,玛姬娜·索雷斯,魔王2099,伊藤美来,,已晋级至秋季赛预选赛,nova,autumn,female
NFA011,和泉妃爱,常轨脱离Creative,户田惠,,已晋级至秋季赛预选赛,nova,autumn,female
NFA012,甘神朝姬,缘结甘神家,若山诗音,,已晋级至秋季赛预选赛,nova,autumn,female
NFA013,甘神夕奈‌,缘结甘神家,本渡枫,,已晋级至秋季赛预选赛,nova,autumn,female
NFA014,本城寺莉香,听说你们要结婚！？,早见沙织,,已晋级至秋季赛预选赛,nova,autumn,female
NFA015,威廉姆斯·艾丽希亚,成为名垂青史的恶役千金吧,中村栞奈,,已晋级至秋季赛预选赛,nova,autumn,female
NFA016,白鸟爱罗,胆大党,佐仓绫音,,已晋级至秋季赛预选赛,nova,autumn,female
NFA017,白石万理华,妻子变成小学生。,悠木碧,,已晋级至秋季赛预选赛,nova,autumn,female
NFA018,天道茜,乱马½,日高范子,,已晋级至秋季赛预选赛,nova,autumn,female
NFA019,雪,女仆冥土小姐。,上田丽奈,,已晋级至秋季赛预选赛,nova,autumn,female
NFA020,吉尔·萨维尔,重启人生的千金小姐正在攻略龙帝陛下,内田秀,,已晋级至秋季赛预选赛,nova,autumn,female
NFA021,小比类卷香莲,刀剑神域,楠木灯,,已晋级至秋季赛预选赛,nova,autumn,female
NFA022,月,平凡职业成就世界最强,桑原由气,,已晋级至秋季赛预选赛,nova,autumn,female
NFA023,碧翠丝,Re:从零开始的异世界生活,新井里美,,已晋级至秋季赛预选赛,nova,autumn,female
NFA024,鲇川花,悲喜渔生,菲鲁兹·蓝,,已晋级至秋季赛预选赛,nova,autumn,female
NFA025,伊达地图子,Acro Trip 顶尖恶路,伊藤美来,,已晋级至秋季赛预选赛,nova,autumn,female
NFA026,樱木加奈,魔法光源股份有限公司,菲鲁兹·蓝,,已晋级至秋季赛预选赛,nova,autumn,female
NFA027,约兰达,地。-关于地球的运动-,仁见纱绫,,已晋级至秋季赛预选赛,nova,autumn,female
NFA028,绫濑美春,精灵幻想记,原田彩枫,,已晋级至秋季赛预选赛,nova,autumn,female
NFA029,瑟莉亚·库列尔,精灵幻想记,藤田茜,,已晋级至秋季赛预选赛,nova,autumn,female
NFA030,八寻宁宁,地缚少年花子君,鬼头明里,,已晋级至秋季赛预选赛,nova,autumn,female
NFA031,锦明日海,常轨脱离Creative,䌷雪乃,,已晋级至秋季赛预选赛,nova,autumn,female
ENFA001,岚千砂都,LoveLive!系列,岬奈子,,未晋级,nova,autumn,female
ENFA002,薇恩·玛格丽特,LoveLive!系列,结那,,未晋级,nova,autumn,female
ENFA003,平安名堇,LoveLive!系列,Payton尚未,,未晋级,nova,autumn,female
NMA001,猪股大喜,青之箱,千叶翔也,,已晋级至秋季赛预选赛,nova,autumn,male
NMA002,高仓健,胆大党,花江夏树,,已晋级至秋季赛预选赛,nova,autumn,male
NMA003,田沼要,夏目友人帐,堀江一真,,已晋级至秋季赛预选赛,nova,autumn,male
NMA004,鸭乃桥论,鸭乃桥论的禁忌推理,阿座上洋平,,已晋级至秋季赛预选赛,nova,autumn,male
NMA005,藤丸立香,Fate系列,岛崎信长,,已晋级至秋季赛预选赛,nova,autumn,male
NMA006,早乙女乱马,乱马½,山口胜平,,已晋级至秋季赛预选赛,nova,autumn,male
NMA007,中野丸尾,五等分的新娘,黑田崇矢,,已晋级至秋季赛预选赛,nova,autumn,male
NMA008,多兰,再见龙生，你好人生,武内骏辅,,已晋级至秋季赛预选赛,nova,autumn,male
NMA009,佐佐木常宏,悲喜渔生,岩中睦树,,已晋级至秋季赛预选赛,nova,autumn,male
NMA010,拉法尔,地。-关于地球的运动-,坂本真绫,,已晋级至秋季赛预选赛,nova,autumn,male
NMA011,圆城寺仁,胆大党,石川界人,,已晋级至秋季赛预选赛,nova,autumn,male
NMA012,大原拓也,听说你们要结婚！？,熊谷健太郎,,已晋级至秋季赛预选赛,nova,autumn,male
NMA013,贝尔多尔·贝尔别特·贝尔休伯特,魔王2099,日野聪,,已晋级至秋季赛预选赛,nova,autumn,male
NMA014,上终瓜生,缘结甘神家,铃木崚汰,,已晋级至秋季赛预选赛,nova,autumn,male
NMA015,贝尔·克朗尼,在地下城寻求邂逅是否搞错了什么,松冈祯丞,,已晋级至秋季赛预选赛,nova,autumn,male
NMA016,踯躅森贵明,悲喜渔生,石川界人,,已晋级至秋季赛预选赛,nova,autumn,male
NMA017,花散仁央,青之壬生浪,梅田修一朗,,已晋级至秋季赛预选赛,nova,autumn,male
NMA018,哈迪斯·迪奥斯·拉维,重启人生的千金小姐正在攻略龙帝陛下,户谷菊之介,,已晋级至秋季赛预选赛,nova,autumn,male
NMA019,河合井小太郎,噗妮露是可爱史莱姆,梅田修一朗,,已晋级至秋季赛预选赛,nova,autumn,male
NMA020,克莱·安东黎希,叹气的亡灵想隐退,小野贤章,,已晋级至秋季赛预选赛,nova,autumn,male
NMA021,新岛圭介,妻子变成小学生。,平川大辅,,已晋级至秋季赛预选赛,nova,autumn,male
NMA022,南云始,平凡职业成就世界最强,深町寿成,,已晋级至秋季赛预选赛,nova,autumn,male
NMA023,天束光,机械手臂,丰永利行,,已晋级至秋季赛预选赛,nova,autumn,male
NMA024,库洛马,Acro Trip 顶尖恶路,岛崎信长,,已晋级至秋季赛预选赛,nova,autumn,male
NMA025,遥,孤单一人的异世界攻略,梅田修一朗,,已晋级至秋季赛预选赛,nova,autumn,male
NMA026,阳务乐郎,香格里拉边境～粪作猎人向神作游戏发起挑战～,内田雄马,,已晋级至秋季赛预选赛,nova,autumn,male
NMA027,五十岚一贺,喂！蜻蜓,东地宏树,,已晋级至秋季赛预选赛,nova,autumn,male
NMA028,雷格西,BEASTARS,小林亲弘,,已晋级至秋季赛预选赛,nova,autumn,male
NMA029,奥托·苏文,Re:从零开始的异世界生活,天崎滉平,,已晋级至秋季赛预选赛,nova,autumn,male
NMA030,利欧,精灵幻想记,松冈祯丞,,已晋级至秋季赛预选赛,nova,autumn,male
NMA031,重本浩司,魔法光源股份有限公司,小山力也,,已晋级至秋季赛预选赛,nova,autumn,male
NMA032,常盘,去参加联谊，却发现完全没有女生在场,武内骏辅,,已晋级至秋季赛预选赛,nova,autumn,male
